model_key,task,measure,slope_per_doubling
llama31_8b_base,xbrl,r_star_bits_per_value,0.033412300420150205
llama31_8b_base,xbrl,base_codelength_bits_per_token,0.0037164197124257502
llama31_8b_base,xbrl,surprisal_variance_bits2,0.024099067920716567
llama31_8b_base,xbrl,margin_deficit_bits,0.008175991716741188
llama31_8b_base,xbrl,hidden_effective_rank,0.03500715287269442
llama31_8b_base,xbrl,surprise_weighted_hidden_logdet,-0.0011536339961560006
llama31_8b_base,xbrl,residual_effective_rank,0.022467853316278246
llama31_8b_base,xbrl,fisher_trace,0.02818570147920847
llama31_8b_base,xbrl,fisher_effective_rank,0.025104398832001867
llama31_8b_base,xbrl,fisher_logdet,2.185743582749366
llama31_8b_base,xbrl,unit_gain_ntk_cost,0.05859841081313605
llama31_8b_base,xbrl,correction_rd90_bits,0.03747620072085367
llama31_8b_base,xbrl,angular_correction_rd90_bits,0.029668695554500146
llama31_8b_base,xbrl,centered_correction_rd90_bits,0.03969279914961766
llama31_8b_base,xbrl,centered_angular_correction_rd90_bits,0.036325373661478026
llama31_8b_base,xbrl,correction_energy_rank90,0.03004995321188023
llama31_8b_base,xbrl,angular_correction_energy_rank90,0.028683564473021922
llama31_8b_base,xbrl,trace_normalized_correction_logdet,0.9266575133366367
llama31_8b_base,xbrl,correction_information_bits,0.6684420995466253
llama31_8b_base,xbrl,angular_correction_logdet,0.8297085237555838
llama31_8b_base,xbrl,centered_angular_correction_logdet,1.192978876506519
llama31_8b_base,xbrl,dataset_correction_log_volume,4.65113864158083
llama31_8b_base,xbrl,dataset_raw_correction_log_volume,4.70485628337699
llama31_8b_base,xbrl,dataset_centered_correction_log_volume,6.303961860567274
llama31_8b_base,xbrl,dataset_fisher_log_volume,58.46118405121233
llama31_8b_base,xbrl,correction_channel_bits,0.00243734135309911
llama31_8b_base,xbrl,angular_correction_channel_bits,0.002879151331723592
llama31_8b_base,xbrl,coherent_correction_energy,0.021592940396634605
llama31_8b_base,xbrl,coherent_energy_over_entropy,0.024248557144505942
llama31_8b_base,xbrl,prequential_correction_bits_per_row,-0.8458829138091252
llama31_8b_base,xbrl,prequential_decay_exponent,-0.010013988087085413
llama31_8b_base,xbrl,prequential_late_fraction,-0.0005183883600511898
llama31_8b_base,xbrl,nearest_neighbour_cosine,-0.005218981037372786
llama31_8b_base,xbrl,correction_intrinsic_dimension,0.24842405932856393
llama31_8b_base,xbrl,correction_coverage_fraction,0.010518631644446256
llama31_8b_base,xbrl,correction_predictable_fraction,0.0022126681818068054
llama31_8b_base,xbrl,coherent_fraction,-0.006275341553201382
llama31_8b_base,xbrl,text_cross_row_redundancy,-0.00284327154291319
llama31_8b_base,xbrl,base_head_hidden_alignment,-0.0010350005461682845
llama31_8b_base,xbrl,base_head_error_alignment,7.052473201636451e-07
llama31_8b_base,xbrl,within_example_channel_bits,0.007990383494491278
llama31_8b_base,xbrl,total_correction_channel_bits,0.006932528354988184
llama31_8b_base,xbrl,within_between_energy_ratio,-0.015310508383861346
llama31_8b_base,xbrl,train_response_tokens,0.0004426024408607372
mistral_7b_base,sql,r_star_bits_per_value,0.009278839468259241
mistral_7b_base,sql,base_codelength_bits_per_token,0.0010796957129143698
mistral_7b_base,sql,surprisal_variance_bits2,0.010114107157964035
mistral_7b_base,sql,margin_deficit_bits,0.0012884676175170492
mistral_7b_base,sql,hidden_effective_rank,0.012497858246214657
mistral_7b_base,sql,surprise_weighted_hidden_logdet,0.00038566659413712253
mistral_7b_base,sql,residual_effective_rank,0.008134259490921256
mistral_7b_base,sql,fisher_trace,0.0061054762257260866
mistral_7b_base,sql,fisher_effective_rank,-0.0032274507481550485
mistral_7b_base,sql,fisher_logdet,0.13523793972405518
mistral_7b_base,sql,unit_gain_ntk_cost,0.021849305248321245
mistral_7b_base,sql,correction_rd90_bits,-0.00608152444921918
mistral_7b_base,sql,angular_correction_rd90_bits,-0.005367563489698838
mistral_7b_base,sql,centered_correction_rd90_bits,-0.0032868554524464917
mistral_7b_base,sql,centered_angular_correction_rd90_bits,0.0036782711358303564
mistral_7b_base,sql,correction_energy_rank90,-0.00896883078760763
mistral_7b_base,sql,angular_correction_energy_rank90,-0.0037977457149402376
mistral_7b_base,sql,trace_normalized_correction_logdet,-0.13890184021393726
mistral_7b_base,sql,correction_information_bits,-0.10019649802349828
mistral_7b_base,sql,angular_correction_logdet,-0.28322131992021654
mistral_7b_base,sql,centered_angular_correction_logdet,0.18232017549354335
mistral_7b_base,sql,dataset_correction_log_volume,-0.5312813085014868
mistral_7b_base,sql,dataset_raw_correction_log_volume,-0.810578234092703
mistral_7b_base,sql,dataset_centered_correction_log_volume,1.2837505058319054
mistral_7b_base,sql,dataset_fisher_log_volume,0.3119300972013125
mistral_7b_base,sql,correction_channel_bits,-0.0004650762064496146
mistral_7b_base,sql,angular_correction_channel_bits,-0.0028572982811407967
mistral_7b_base,sql,coherent_correction_energy,0.006204949466674382
mistral_7b_base,sql,coherent_energy_over_entropy,0.008347566485796279
mistral_7b_base,sql,prequential_correction_bits_per_row,-0.19655884334542917
mistral_7b_base,sql,prequential_decay_exponent,-0.011626483057664892
mistral_7b_base,sql,prequential_late_fraction,0.03627147217452883
mistral_7b_base,sql,nearest_neighbour_cosine,0.0010068860291515768
mistral_7b_base,sql,correction_intrinsic_dimension,0.05358824865128764
mistral_7b_base,sql,correction_coverage_fraction,-0.007534844495133187
mistral_7b_base,sql,correction_predictable_fraction,-0.015524080188118086
mistral_7b_base,sql,coherent_fraction,0.003960687487134344
mistral_7b_base,sql,text_cross_row_redundancy,-0.013687909572325433
mistral_7b_base,sql,base_head_hidden_alignment,0.0004112563811846236
mistral_7b_base,sql,base_head_error_alignment,1.7300603294254189e-06
mistral_7b_base,sql,within_example_channel_bits,-0.028286722858901655
mistral_7b_base,sql,total_correction_channel_bits,-0.02767193847545791
mistral_7b_base,sql,within_between_energy_ratio,-0.0028028278369001325
mistral_7b_base,sql,train_response_tokens,-0.005563363970267174
mistral_7b_base,xbrl,r_star_bits_per_value,0.03633749113599869
mistral_7b_base,xbrl,base_codelength_bits_per_token,-0.003293025866161117
mistral_7b_base,xbrl,surprisal_variance_bits2,0.024001161890387625
mistral_7b_base,xbrl,margin_deficit_bits,-0.001831905582077286
mistral_7b_base,xbrl,hidden_effective_rank,0.027662650960276314
mistral_7b_base,xbrl,surprise_weighted_hidden_logdet,-0.0002701658648868176
mistral_7b_base,xbrl,residual_effective_rank,0.014448966790926051
mistral_7b_base,xbrl,fisher_trace,0.012715541232001705
mistral_7b_base,xbrl,fisher_effective_rank,0.004509852126603193
mistral_7b_base,xbrl,fisher_logdet,5.820839951646483
mistral_7b_base,xbrl,unit_gain_ntk_cost,0.06188639645955949
mistral_7b_base,xbrl,correction_rd90_bits,0.01616286476021504
mistral_7b_base,xbrl,angular_correction_rd90_bits,0.015346969794549506
mistral_7b_base,xbrl,centered_correction_rd90_bits,0.029681971618437098
mistral_7b_base,xbrl,centered_angular_correction_rd90_bits,0.02906058871692916
mistral_7b_base,xbrl,correction_energy_rank90,0.017460035416266798
mistral_7b_base,xbrl,angular_correction_energy_rank90,4.290266214110808e-16
mistral_7b_base,xbrl,trace_normalized_correction_logdet,0.36498580983338896
mistral_7b_base,xbrl,correction_information_bits,0.2632816089207282
mistral_7b_base,xbrl,angular_correction_logdet,0.3851863403273103
mistral_7b_base,xbrl,centered_angular_correction_logdet,0.9318357355493119
mistral_7b_base,xbrl,dataset_correction_log_volume,3.2959643286814706
mistral_7b_base,xbrl,dataset_raw_correction_log_volume,3.3150625323765657
mistral_7b_base,xbrl,dataset_centered_correction_log_volume,6.186594667997704
mistral_7b_base,xbrl,dataset_fisher_log_volume,64.903269819491
mistral_7b_base,xbrl,correction_channel_bits,-0.0014655204476261157
mistral_7b_base,xbrl,angular_correction_channel_bits,-0.00011375754721364442
mistral_7b_base,xbrl,coherent_correction_energy,0.013418688161969719
mistral_7b_base,xbrl,coherent_energy_over_entropy,0.016727720600218196
mistral_7b_base,xbrl,prequential_correction_bits_per_row,-0.2914262106118385
mistral_7b_base,xbrl,prequential_decay_exponent,0.008542078544375144
mistral_7b_base,xbrl,prequential_late_fraction,-0.009650803244846861
mistral_7b_base,xbrl,nearest_neighbour_cosine,-0.0032908592446257426
mistral_7b_base,xbrl,correction_intrinsic_dimension,0.2328831193220947
mistral_7b_base,xbrl,correction_coverage_fraction,-0.001662948394907441
mistral_7b_base,xbrl,correction_predictable_fraction,-0.01382972735709306
mistral_7b_base,xbrl,coherent_fraction,0.0015557198016557616
mistral_7b_base,xbrl,text_cross_row_redundancy,-0.002824245615630923
mistral_7b_base,xbrl,base_head_hidden_alignment,-0.0013137601314843564
mistral_7b_base,xbrl,base_head_error_alignment,-4.9819323022586705e-06
mistral_7b_base,xbrl,within_example_channel_bits,-0.02587210258858587
mistral_7b_base,xbrl,total_correction_channel_bits,-0.024948101671950107
mistral_7b_base,xbrl,within_between_energy_ratio,-0.007029844537698037
mistral_7b_base,xbrl,train_response_tokens,-0.001594738210867399
qwen25_7b_base,sql,r_star_bits_per_value,0.0039372363783253045
qwen25_7b_base,sql,base_codelength_bits_per_token,-0.003628714860067116
qwen25_7b_base,sql,surprisal_variance_bits2,-0.010330616267880604
qwen25_7b_base,sql,margin_deficit_bits,-0.003346150782104093
qwen25_7b_base,sql,hidden_effective_rank,0.011097304987820418
qwen25_7b_base,sql,surprise_weighted_hidden_logdet,0.0005657582265007859
qwen25_7b_base,sql,residual_effective_rank,-0.006523317549161874
qwen25_7b_base,sql,fisher_trace,0.0005373040585675491
qwen25_7b_base,sql,fisher_effective_rank,-0.008217253650052062
qwen25_7b_base,sql,fisher_logdet,-0.6647130609993012
qwen25_7b_base,sql,unit_gain_ntk_cost,-0.013815422958257769
qwen25_7b_base,sql,correction_rd90_bits,-0.0067164793905092075
qwen25_7b_base,sql,angular_correction_rd90_bits,-0.006075773111304019
qwen25_7b_base,sql,centered_correction_rd90_bits,-0.0037868444965495707
qwen25_7b_base,sql,centered_angular_correction_rd90_bits,0.0005720041998174332
qwen25_7b_base,sql,correction_energy_rank90,-0.009228246113146012
qwen25_7b_base,sql,angular_correction_energy_rank90,-0.004475110191892581
qwen25_7b_base,sql,trace_normalized_correction_logdet,-0.36916620178591103
qwen25_7b_base,sql,correction_information_bits,-0.266297124290179
qwen25_7b_base,sql,angular_correction_logdet,-0.4896529841435032
qwen25_7b_base,sql,centered_angular_correction_logdet,-0.19900048079994814
qwen25_7b_base,sql,dataset_correction_log_volume,-0.9270379620297987
qwen25_7b_base,sql,dataset_raw_correction_log_volume,-1.2601126585362368
qwen25_7b_base,sql,dataset_centered_correction_log_volume,0.2649792267375595
qwen25_7b_base,sql,dataset_fisher_log_volume,-1.7858752832109799
qwen25_7b_base,sql,correction_channel_bits,-0.000798243935597329
qwen25_7b_base,sql,angular_correction_channel_bits,-0.003971048279580042
qwen25_7b_base,sql,coherent_correction_energy,0.006867993142715368
qwen25_7b_base,sql,coherent_energy_over_entropy,0.011450842498260463
qwen25_7b_base,sql,prequential_correction_bits_per_row,-0.023497992407819822
qwen25_7b_base,sql,prequential_decay_exponent,-0.0029810271752333368
qwen25_7b_base,sql,prequential_late_fraction,0.048317671620841836
qwen25_7b_base,sql,nearest_neighbour_cosine,0.002188275112315797
qwen25_7b_base,sql,correction_intrinsic_dimension,0.037929944763499875
qwen25_7b_base,sql,correction_coverage_fraction,-0.02212356188154318
qwen25_7b_base,sql,correction_predictable_fraction,0.0026047874673371754
qwen25_7b_base,sql,coherent_fraction,0.012496795538593583
qwen25_7b_base,sql,text_cross_row_redundancy,-0.013687909572325433
qwen25_7b_base,sql,base_head_hidden_alignment,-7.590011842223221e-05
qwen25_7b_base,sql,base_head_error_alignment,-2.802088397996565e-06
qwen25_7b_base,sql,within_example_channel_bits,-0.0306656746635796
qwen25_7b_base,sql,total_correction_channel_bits,-0.031064543145686026
qwen25_7b_base,sql,within_between_energy_ratio,-0.004286065190696591
qwen25_7b_base,sql,train_response_tokens,-0.0054092746091471
qwen25_7b_base,xbrl,r_star_bits_per_value,0.04581794564646837
qwen25_7b_base,xbrl,base_codelength_bits_per_token,0.016679070261770294
qwen25_7b_base,xbrl,surprisal_variance_bits2,-0.0075813024018388285
qwen25_7b_base,xbrl,margin_deficit_bits,0.022529309755438005
qwen25_7b_base,xbrl,hidden_effective_rank,0.01766899867327637
qwen25_7b_base,xbrl,surprise_weighted_hidden_logdet,0.0001370548347830877
qwen25_7b_base,xbrl,residual_effective_rank,0.014184056658950391
qwen25_7b_base,xbrl,fisher_trace,0.04321191694728101
qwen25_7b_base,xbrl,fisher_effective_rank,-0.007127121404804112
qwen25_7b_base,xbrl,fisher_logdet,3.284704501652784
qwen25_7b_base,xbrl,unit_gain_ntk_cost,0.0353414215682699
qwen25_7b_base,xbrl,correction_rd90_bits,0.019631313508543816
qwen25_7b_base,xbrl,angular_correction_rd90_bits,0.010550343509046486
qwen25_7b_base,xbrl,centered_correction_rd90_bits,0.025952136240663
qwen25_7b_base,xbrl,centered_angular_correction_rd90_bits,0.013366739180623116
qwen25_7b_base,xbrl,correction_energy_rank90,0.018566904419708107
qwen25_7b_base,xbrl,angular_correction_energy_rank90,6.128951734444012e-17
qwen25_7b_base,xbrl,trace_normalized_correction_logdet,0.45523228011376665
qwen25_7b_base,xbrl,correction_information_bits,0.32838067648634595
qwen25_7b_base,xbrl,angular_correction_logdet,0.4163178115253117
qwen25_7b_base,xbrl,centered_angular_correction_logdet,0.5069182260540409
qwen25_7b_base,xbrl,dataset_correction_log_volume,2.3168279615993255
qwen25_7b_base,xbrl,dataset_raw_correction_log_volume,2.396597722336828
qwen25_7b_base,xbrl,dataset_centered_correction_log_volume,2.6326184851559886
qwen25_7b_base,xbrl,dataset_fisher_log_volume,68.79721379909667
qwen25_7b_base,xbrl,correction_channel_bits,-0.005664126356556283
qwen25_7b_base,xbrl,angular_correction_channel_bits,0.0014904730351057043
qwen25_7b_base,xbrl,coherent_correction_energy,0.05366209031082705
qwen25_7b_base,xbrl,coherent_energy_over_entropy,0.05751373496365333
qwen25_7b_base,xbrl,prequential_correction_bits_per_row,0.27330970278551564
qwen25_7b_base,xbrl,prequential_decay_exponent,6.392922794524984e-05
qwen25_7b_base,xbrl,prequential_late_fraction,-0.015614324281857165
qwen25_7b_base,xbrl,nearest_neighbour_cosine,-0.004687341442556018
qwen25_7b_base,xbrl,correction_intrinsic_dimension,0.20456581081741368
qwen25_7b_base,xbrl,correction_coverage_fraction,0.003519818224127823
qwen25_7b_base,xbrl,correction_predictable_fraction,-0.0018977721180052584
qwen25_7b_base,xbrl,coherent_fraction,-0.0007128510573871768
qwen25_7b_base,xbrl,text_cross_row_redundancy,-0.002824245615630923
qwen25_7b_base,xbrl,base_head_hidden_alignment,0.0006943442533323274
qwen25_7b_base,xbrl,base_head_error_alignment,4.660518063255357e-06
qwen25_7b_base,xbrl,within_example_channel_bits,-0.00039450623131061214
qwen25_7b_base,xbrl,total_correction_channel_bits,-0.005455802163552139
qwen25_7b_base,xbrl,within_between_energy_ratio,-0.02583657999089888
qwen25_7b_base,xbrl,train_response_tokens,0.00048312579192385987
