model_key,dataset_key,probe_updates,probe_adapter,probe_seeds,target_seeds,probe_file_bits,target_file_bits,probe_bits_per_value,target_bits_per_value,probe_rank,target_rank,probe_ceiling,target_ceiling
gemma2_9b_base,kind_code,1,all_linear_r16,1,1,34161775.874500886,18246673.617340032,0.6324141123074437,0.3377884668720357,4.0,2.0,5824.858345039509,12588.188403403634
gemma2_9b_base,kind_code,1,probe_wide_r64,1,1,129813278.33013098,18246673.617340032,2.403146413771393,0.3377884668720357,16.0,2.0,5691.302939515794,12588.188403403634
gemma2_9b_base,kind_code,8,all_linear_r16,1,1,20394346.2775613,18246673.617340032,0.37754689465197444,0.3377884668720357,2.0,2.0,9697.303540596098,12588.188403403634
gemma2_9b_base,panel_math,1,all_linear_r16,1,1,27231978.61474604,13712717.34686244,0.5041274096899252,0.2538543663566377,4.0,2.0,13101.436415748598,22426.98480804369
gemma2_9b_base,xbrl_tags,1,all_linear_r16,2,2,32794852.08589068,4337124.174385535,0.6071091662899533,0.08029027954482054,4.0,1.0,2063.237032695649,3755.5552895651354
gemma2_9b_base,xbrl_tags,8,all_linear_r16,1,1,8966413.983623372,4323867.480857035,0.1659892261124166,0.08004486724246376,1.0,1.0,3483.691951845842,3708.1673201081617
gemma2_9b_instruct,kind_code,1,all_linear_r16,1,1,22708456.25615168,14022543.68735205,0.42038646520791867,0.25958997421291585,4.0,2.0,20321.308225617453,39918.69399906043
gemma2_9b_instruct,kind_code,8,all_linear_r16,1,1,19725080.09374531,14022543.68735205,0.3651572173386441,0.25958997421291585,2.0,2.0,31433.3987906565,39918.69399906043
gemma2_9b_instruct,kind_code,8,probe_wide_r64,1,1,140495144.67736876,14022543.68735205,2.6008926623444215,0.25958997421291585,16.0,2.0,33771.90414875245,39918.69399906043
gemma2_9b_instruct,panel_math,1,all_linear_r16,1,1,29066157.991932526,12763524.01171685,0.5380823459583828,0.23628258488194262,4.0,2.0,15882.040661901665,32000.41832627275
gemma2_9b_instruct,xbrl_tags,1,all_linear_r16,1,1,20077719.556677103,4245280.702504598,0.3716853959009608,0.0785900427669026,2.0,1.0,3339.705762340582,5848.927140786599
llama31_8b_base,kind_code,1,all_linear_r16,1,1,16719356.545355275,9920366.133111313,0.39862052310360135,0.23651995976236612,4.0,2.0,4333.800689692202,22884.561972939526
llama31_8b_base,kind_code,1,probe_wide_r64,1,1,14309804.288254546,9920366.133111313,0.34117232056270946,0.23651995976236612,2.0,2.0,4229.195034271252,22884.561972939526
llama31_8b_base,kind_code,8,all_linear_r16,1,1,9554644.61632908,9920366.133111313,0.2278004793245573,0.23651995976236612,2.0,2.0,16511.965523638733,22884.561972939526
llama31_8b_base,kind_code,8,probe_wide_r64,1,1,24324141.52829403,9920366.133111313,0.5799327261041172,0.23651995976236612,4.0,2.0,17401.06769942658,22884.561972939526
llama31_8b_base,panel_math,1,all_linear_r16,1,1,47789515.70142879,11705169.194070663,1.1393908429486463,0.2790729807393709,16.0,2.0,13275.654380890046,26418.579678934217
llama31_8b_base,xbrl_tags,1,all_linear_r16,1,1,60202905.55176853,3343927.5066025206,1.435349119943822,0.07972544447428037,16.0,1.0,1891.6638397725987,2987.01392127959
mistral_7b_base,kind_code,1,all_linear_r16,1,1,15922457.105485778,10091215.033112962,0.3796209598895497,0.24059331496031194,2.0,2.0,7902.52170782414,16849.477793464466
mistral_7b_base,kind_code,1,probe_wide_r64,1,1,16173130.900259545,10091215.033112962,0.3855974888863455,0.24059331496031194,4.0,2.0,7651.884388018167,16849.477793464466
mistral_7b_base,kind_code,8,all_linear_r16,1,1,26267050.987965524,10091215.033112962,0.6262552973739034,0.24059331496031194,4.0,2.0,14204.764314753207,16849.477793464466
mistral_7b_base,kind_code,8,probe_wide_r64,1,1,32802382.80285139,10091215.033112962,0.7820697499001358,0.24059331496031194,16.0,2.0,12845.580285153934,16849.477793464466
mistral_7b_base,kind_dialogue,1,all_linear_r16,1,1,12226227.637811081,6571845.817217606,0.2914959821179171,0.15668501418155684,2.0,1.0,3487.412966239768,5716.839183897646
mistral_7b_base,kind_summary,1,all_linear_r16,1,1,4838671.494577959,4010700.1334942,0.11536291824765108,0.09562254270301343,1.0,1.0,2496.3575102906325,3726.579434751682
mistral_7b_base,panel_math,1,all_linear_r16,1,1,27035716.84472709,12234721.239731248,0.6445817195112011,0.29169848536804316,4.0,2.0,10879.879941763604,28124.010657685045
mistral_7b_base,text_to_sql,1,all_linear_r16,1,1,14534092.085770598,3491088.1466756803,0.34651975836206905,0.08323402754487229,2.0,1.0,4821.47531114407,7409.186432558212
mistral_7b_base,xbrl_tags,1,all_linear_r16,2,2,24890815.337659344,10300761.572937414,0.5934432825484119,0.24558929378837144,4.0,2.0,3422.195339365243,6155.897678227144
mistral_7b_base,xbrl_tags,8,all_linear_r16,1,1,12897667.83701773,10683440.258296486,0.307504363942569,0.2547130646299478,2.0,2.0,5862.841219972149,6074.4515020662
qwen25_7b_base,kind_code,1,all_linear_r16,1,1,5374404.605781274,3855883.2066932786,0.13312809450672877,0.09551316315027407,1.0,1.0,2747.3501520146965,7875.853870785242
qwen25_7b_base,kind_code,1,probe_wide_r64,1,1,6175520.84068248,3855883.2066932786,0.15297235366728348,0.09551316315027407,1.0,1.0,2771.6667392061936,7875.853870785242
qwen25_7b_base,kind_code,8,all_linear_r16,1,1,4484199.1875832975,3855883.2066932786,0.11107702843760943,0.09551316315027407,1.0,1.0,6815.090045194869,7875.853870785242
qwen25_7b_base,kind_code,8,probe_wide_r64,1,1,10956665.43246511,3855883.2066932786,0.27140494588047154,0.09551316315027407,2.0,1.0,7163.560260477185,7875.853870785242
qwen25_7b_base,kind_dialogue,1,all_linear_r16,1,1,13749788.763852427,5163340.876328271,0.3405927376648649,0.1278998852105146,2.0,1.0,1404.7959105010887,4129.926242314177
qwen25_7b_base,kind_summary,1,all_linear_r16,1,1,3391618.240271769,3100728.1596711953,0.0840129664104454,0.07680739761132563,1.0,1.0,2700.5549714419103,3025.028564999482
qwen25_7b_base,panel_math,1,all_linear_r16,1,1,5124598.559077423,2993094.580963298,0.1269402085112887,0.07414123190751752,1.0,1.0,3233.3705486867148,4501.527601321033
qwen25_7b_base,text_to_sql,1,all_linear_r16,1,1,10031652.470595855,4228377.473735344,0.24849167044988496,0.10474012978628935,2.0,1.0,1575.4365772673123,2193.5261771379323
qwen25_7b_base,xbrl_tags,1,all_linear_r16,2,2,36336037.72067878,3546156.7630943595,0.9000713229657156,0.08784100329645231,10.0,1.0,998.8811626151032,2011.5381195000864
qwen25_7b_base,xbrl_tags,8,all_linear_r16,1,1,5627536.835995019,3157197.87198557,0.1393983726004816,0.07820619538506768,1.0,1.0,1771.743515318797,2063.5772700359225
qwen25_math_7b_base,kind_code,1,all_linear_r16,1,1,23085880.78874735,5287473.275962396,0.5718548462297354,0.13097473927194164,4.0,1.0,7237.194183655374,18249.128929042316
qwen25_math_7b_base,kind_code,1,probe_wide_r64,1,1,49329161.87698877,5287473.275962396,1.2219209021280653,0.13097473927194164,16.0,1.0,7119.996145913348,18249.128929042316
qwen25_math_7b_base,kind_code,8,all_linear_r16,1,1,10902862.29477362,5287473.275962396,0.2700722011906418,0.13097473927194164,2.0,1.0,11834.62915597565,18249.128929042316
qwen25_math_7b_base,kind_code,8,probe_wide_r64,1,1,5521596.877739438,5287473.275962396,0.1367741591649102,0.13097473927194164,1.0,1.0,14695.939960736869,18249.128929042316
qwen25_math_7b_base,panel_math,1,all_linear_r16,1,1,14634921.923229575,4931134.051534563,0.36251816002064435,0.12214794534298198,2.0,1.0,10691.120753071831,17787.342376300694
qwen25_math_7b_base,xbrl_tags,1,all_linear_r16,1,1,5537032.317489434,3144824.592189947,0.13715650676106625,0.0778996998227094,1.0,1.0,2626.42177946809,4490.074850804865
qwen3_8b_base,kind_code,1,all_linear_r16,1,1,8710860.752807956,5430625.207546787,0.19957535552538522,0.12442156834752509,1.0,1.0,4573.456307648041,10488.068893338423
qwen3_8b_base,kind_code,1,probe_wide_r64,1,1,17519595.250279117,5430625.207546787,0.40139310568226116,0.12442156834752509,4.0,1.0,4601.884147589677,10488.068893338423
qwen3_8b_base,kind_code,8,all_linear_r16,1,1,8803515.508603841,5430625.207546787,0.2016981774087589,0.12442156834752509,1.0,1.0,7323.863450421908,10488.068893338423
qwen3_8b_base,kind_code,8,probe_wide_r64,1,1,16259038.189748973,5430625.207546787,0.37251236350827543,0.12442156834752509,2.0,1.0,8559.097400009632,10488.068893338423
qwen3_8b_base,xbrl_tags,1,all_linear_r16,1,1,8503882.280025095,3572936.599042978,0.1948332521369887,0.08185988873646087,1.0,1.0,957.3682580972663,2011.8308129453112
