model_key,dataset_key,task_family,seeds,r_star_bits_per_value,reference_bits_saved_per_token,base_codelength_bits_per_token,surprisal_variance_bits2,margin_deficit_bits,hidden_effective_rank,surprise_weighted_hidden_logdet,residual_effective_rank,fisher_trace,fisher_effective_rank,fisher_logdet,unit_gain_ntk_cost,correction_rd90_bits,angular_correction_rd90_bits,centered_correction_rd90_bits,centered_angular_correction_rd90_bits,correction_energy_rank90,angular_correction_energy_rank90,trace_normalized_correction_logdet,angular_correction_logdet,centered_angular_correction_logdet,dataset_correction_log_volume,dataset_raw_correction_log_volume,dataset_centered_correction_log_volume,dataset_fisher_log_volume,correction_channel_bits,angular_correction_channel_bits,coherent_correction_energy,coherent_energy_over_entropy,prequential_correction_bits_per_row,prequential_decay_exponent,prequential_late_fraction,nearest_neighbour_cosine,correction_intrinsic_dimension,correction_coverage_fraction,correction_predictable_fraction,coherent_fraction,text_cross_row_redundancy,lora_layer_energy_entropy,lora_layer_energy_centroid,train_response_tokens,repeated_dataset_arms
llama31_8b_base,kind_instruct,alpaca,3,0.7475240465550103,0.3814758184460601,2.306061531494682,1.2765943470423737,1.6237023386202054,38.683174466851625,0.9276005080854924,29.211434002761578,834.4684686308723,194.4897208539197,359.82108151744495,0.774326489796414,775.5763569831205,1133.375758462197,796.7631779331732,1160.6945875361196,365.3333333333333,528.0,413.3778659204759,531.3081046022786,544.7178456543394,1677.241637560058,1338.3209931182,1706.0148123014906,7619.508041130021,6.806339345694958,7.157280113990701,30.18580793663683,12.474468556520124,-0.49261403240731977,0.014271963914985168,-0.3753592060063733,0.3131601684325393,36.26212767443574,0.1345775438364206,0.07407132553620555,0.04191059381565976,0.36128422371684393,0.8269641019854586,0.23389858237122754,15133.666666666666,1
mistral_7b_base,kind_instruct,alpaca,3,0.6433206134110627,0.6176277477482367,2.868966404115781,2.5260779428872735,2.3855931694367123,40.27006155962949,0.9345671524689667,28.472956862218084,6985.138492166433,63.32553827119443,1044.5477366747346,0.4507239146797102,554.5656126737391,933.653331903167,676.6573323426878,1101.2025979857517,269.3333333333333,448.3333333333333,328.319756753974,453.51477504835344,535.5486763889749,1483.2376578859432,1120.672573838355,1659.0982622967106,9406.985440722736,5.619896696454574,6.389896353821353,1341.8974930418788,731.3792133611763,4.126249008568897,0.09230738015831674,0.5947555024289705,0.47034180720890156,40.82086235926466,0.015445873877704963,0.3451796503269053,0.22511861534169686,0.36128422371684393,0.8287059519413941,0.2366017241386066,17183.666666666668,1
qwen25_7b_base,kind_instruct,alpaca,6,0.7741610807841622,0.1812554959979988,1.9181694223370869,1.2303639930719215,1.4486515777280147,24.568070150369277,0.8197793157686033,29.002809943297038,3612.7227177295567,119.09400460092024,687.9713398133863,1.6639427397533524,457.7661073129787,699.9131413130184,467.40552147516837,712.1075635811416,200.66666666666666,330.6666666666667,328.753980390428,391.66150986362305,396.184535402929,1266.9667571448044,1040.0067866862476,1278.8667652900224,8461.671611043048,6.6553214970468915,6.939923409430762,81.43072042280889,48.87926459715137,-0.29095902480858493,0.018938193260463813,-0.07633622669406169,0.4104155935252729,27.953783857842538,0.06887579498476838,0.044648343504195775,0.022869799242931272,0.36128422371684393,0.9749389968059141,0.4748614121388803,15294.666666666666,1
qwen3_8b_base,kind_instruct,alpaca,3,0.8348358446025559,0.23506212622998354,2.0044575124411494,1.4227868543271507,1.4599173859163177,20.950126023027128,0.7081089572891176,29.382044595411816,3237.229812263447,32.76507750689751,269.9295689305445,3.634930829542673,64.72456592006957,83.67939248948348,66.07673741565286,86.21813179185297,28.333333333333332,31.0,152.0314043012179,176.25323060613084,178.58171959850836,538.9818088359515,429.52153550249085,547.8039069229015,6473.638608105292,6.025143102506959,6.387842292107656,105.99848854069468,53.98429438804201,0.2548751040619061,0.05857282218979706,0.5669087185975888,0.568557716257735,19.870409311431285,0.02843921596570582,0.027982809892229454,0.03401182267055606,0.36128422371684393,0.9130544273207213,0.45818733944025936,15294.666666666666,1
llama31_8b_base,kind_dialogue,hh_rlhf,3,0.9033623046328357,0.23413962795723617,2.826603626058214,0.678424710130051,1.8505206466270876,44.00893732350147,0.9149172520486331,29.436592062788872,691.1443851511702,308.2221617879736,366.48487573573317,0.7053097081934884,985.4036147002263,1162.5517365814837,1012.8178710252495,1188.272111295277,460.6666666666667,539.0,479.7963340842223,540.8332544755543,553.6645552893585,1704.9000926036144,1535.1390429589349,1732.136222118087,7756.926055745594,6.994304448789717,7.162116822341296,29.2531312079656,9.307185644893494,-0.3210738541792672,-0.008794761030999448,-0.4739576517629687,0.25278098120513787,59.57357936804624,0.16254072813406195,0.0428888361001745,0.039360023340541284,0.37615027071423723,0.8256421252930227,0.24833287630713277,16692.666666666668,1
mistral_7b_base,kind_dialogue,hh_rlhf,3,0.9130857421944342,0.2886647238563391,2.9242848596151205,0.8105439310110354,2.042192850257819,45.17628159346675,0.9035897377877743,29.137979421081216,4055.9544679293845,281.54492944043636,1098.2603333584336,0.3377259534263332,987.8117622833047,1109.6978644224052,1048.6598752291077,1172.2407329701432,464.3333333333333,520.3333333333334,476.9435465321572,516.8575764018524,547.7727550243601,1650.8654238855295,1535.7120971168833,1716.7336926377975,9552.014149372835,6.859135265916837,7.001214298886988,358.99294873290074,126.74718757995176,-0.29652495008898533,0.08778538634538087,-0.538150079000525,0.3008365448728873,60.53530647507256,0.07290544317710636,0.04112789710509631,0.08911681517085507,0.37615027071423723,0.8817525999287557,0.31922934973046097,18476.333333333332,1
qwen25_7b_base,kind_dialogue,hh_rlhf,6,1.1801944600286196,0.22503209443410896,2.8894244992644027,0.7990658169390489,2.0177647048361185,27.549593744275914,0.7712885492118277,29.06862831425708,4302.436328991342,111.39037090175948,722.0784627405155,1.5899631156744924,419.55564476539377,546.4607735634072,432.5410379622172,560.2501088896247,186.0,256.0,309.8303392975046,343.1098957094353,347.9456530279047,1121.1260673120057,1000.1586063608192,1134.621408426671,8601.748333513606,6.682271075692807,6.813320804661068,126.92227650991929,44.30892468846753,-0.017101425001408887,0.02448085915119616,-0.21194655693002665,0.4167156280375454,32.13381352120583,0.05601088552095482,0.02796574555456192,0.027603325160688263,0.37615027071423723,0.9636825294898639,0.48757669218583005,16782.666666666668,1
qwen3_8b_base,kind_dialogue,hh_rlhf,3,1.0796848342216252,0.2839015051879675,2.9409532427522067,0.845099426774986,2.027054903863612,25.898805790686865,0.7022304227313,29.395383326203703,3148.498108817004,36.50240881994618,272.595342546204,2.723360572928754,67.2761486999464,74.13200996295059,69.67327393409072,76.73937812246346,29.0,30.0,155.19568145731807,165.650667554609,168.84297638751337,491.57804991757075,441.7725352289915,503.60491263566763,6579.705592676489,6.1596948785444345,6.330577925339919,167.2302031792229,56.01416624930357,0.1346089896110962,0.03942120975352861,0.5564406997426629,0.5710118577551464,21.343130672783605,0.02731596811730777,0.011259228079581315,0.04964018045990504,0.37615027071423723,0.8400872250575985,0.5439103483808089,16782.666666666668,1
llama31_8b_base,kind_code,magicoder,3,1.0413726121078197,0.256298581364941,2.2118240833838168,0.49360603438292155,1.7411674186427595,40.704920999466616,0.920417367677712,30.081689266109148,266.11262639989377,431.9261935368838,196.67167571266216,0.053782043585584416,1147.5309031699917,1192.0233464995392,1205.66172182873,1259.1702192232094,528.0,556.3333333333334,536.3328495609642,540.8234551900752,575.4918894033559,1730.2733861463396,1696.7904568201986,1802.3349402328913,6960.519891864478,6.983569090783258,6.945123695973586,22.73265604573157,13.471765323790644,-0.9377183694631984,0.05726406634073356,0.20055558705073373,0.2654057197628193,73.86728073582576,0.07989546721572928,-0.01296175860230934,0.09450781788222583,0.23971607097127604,0.8139360751829835,0.21264084129178865,90248.33333333333,1
mistral_7b_base,kind_code,magicoder,3,0.8912459138685919,0.1656497501261097,1.6024602779277461,0.43442832630508477,1.2628404285178965,36.87167411964521,0.8834860833311994,29.50016426186046,1859.5265053498044,267.78168567363224,697.5985783958909,0.07310423523759113,956.207635739087,997.0110764584011,1051.5428839288481,1106.5838072438073,447.0,473.6666666666667,465.7979842524331,468.0812243048384,520.0759348057663,1541.4662938138902,1512.1236472273567,1655.5705003448427,8548.780106341224,6.6443694950931915,6.5807112895605995,257.55696138604367,195.25321882484658,-0.8470460212209575,0.057825716159140006,0.23869617681451824,0.36569653797076435,64.0189508541065,0.03361770676400685,-0.01601317337459429,0.15205188898724686,0.23971607097127604,0.8919115843140335,0.298860627271686,105549.0,1
qwen25_7b_base,kind_code,magicoder,6,0.6636677805530585,0.08925196587283335,1.903867431407946,0.4458459942254382,1.5295340420063315,26.774629993267922,0.7527273731144324,29.76247611022819,1493.2067267981965,121.06537932965573,410.7813190628574,0.10101161259687012,474.7836690973401,511.15419249998143,502.67877768990303,549.0499054171091,220.66666666666666,238.33333333333334,318.5334441998091,326.3934487805261,339.98163045978896,1086.2667040414274,1050.2449116704825,1123.9473539885755,7488.207415175989,6.583910655226788,6.583292446389606,90.04566108429911,65.94880942834648,-0.2239301225304289,0.06228629795841497,0.19424410893847058,0.4387259003567984,38.804854998454886,0.04638136354314809,-0.004011992154431414,0.07190243897483774,0.23971607097127604,0.9535326469112704,0.5982136073503515,90635.0,1
qwen3_8b_base,kind_code,magicoder,3,0.8523414307666529,0.11725123248961629,1.741112118935914,0.428808942051012,1.3277917772183805,15.92881828238813,0.7014095846807572,29.982740800599135,1028.0432746257607,41.02694650759822,169.56972418574517,0.31248262512971015,79.38860068882906,83.44664720321101,87.26101198956196,93.79602504027292,31.0,31.0,166.88336419767268,170.51019602267948,180.25083968844817,506.85693507681003,491.44037741873916,539.9622820668488,5552.288981007444,6.107595762051905,6.095037086567291,113.76391154377843,75.37968770478444,-0.021595968300755126,0.07164982986841054,0.061211377454599834,0.5813328979033167,26.455399579197806,0.02172987237137705,-0.0010717068248499533,0.12308929676070075,0.23971607097127604,0.8883694971975379,0.5560082150612445,90635.0,1
llama31_8b_base,cot_math,metamath,9,0.6849496323609732,0.40877041956669025,1.5761381549762215,0.1741268092541763,0.9973943776348642,32.278534841193135,0.7887731971630467,22.457746115530014,661.4412402135403,129.97998077354615,141.82235612000633,0.14784795342638002,516.8568901497026,544.8006598104059,628.8066454002981,664.0717745404604,242.22222222222223,256.3333333333333,316.27092555126484,323.6010721306112,385.64166938742255,1914.8409522244265,1873.020092774353,2152.0438073205178,7335.922080242387,5.753593984350269,5.786808882082874,367.44989071780014,106.52435866222535,4.074558557119502,0.10196211375244207,0.5857079525411523,0.5945713837057932,25.795746195669818,0.03617575594368315,0.14944768703446876,0.28254600625466664,0.44097632432350564,0.7990838843333957,0.2095898992428772,41494.0,1
llama31_8b_base,panel_math,metamath,3,0.9266491819773327,0.6335120301965204,1.205977790542723,0.15001824102231553,0.8214080019242829,30.789663394691445,0.8031498102167548,27.436004438783883,193.95064087131234,199.17985439574866,123.12610943870855,0.16384455067883882,754.1601925622057,782.774485640737,806.1357825629599,837.2493940920943,352.3333333333333,367.6666666666667,410.9300216290801,416.30137541015444,438.75197448296404,1345.4023761472033,1321.398007645332,1399.5491532080644,6098.334110828347,6.862571663084094,6.87991223161838,16.36235723138996,10.899781872809271,0.6916494236619012,0.06342004212477864,0.6841514856047639,0.4364527932724423,30.464520747400087,0.053021386883971566,0.03407331590239038,0.08590963717397025,0.4379762340476585,0.8154475996863743,0.21968781717619212,41494.0,1
mistral_7b_base,arm_a,metamath,6,0.7853265470977294,0.564911650091074,0.9854045374934989,0.13226959624071866,0.697374748706352,28.37311937285436,0.8174752459127239,25.74290040384881,1262.6302726130464,132.15387325512327,430.4022740045548,0.104035878978401,654.2542889560355,692.897935709059,756.9036845432902,800.8582121984577,308.5,327.5,375.1687150147354,385.84478782418233,431.1798022895123,882.3792619149937,856.9492625074868,968.3359329763238,7116.714067460437,6.465944458169212,6.539456956359125,205.35634885065375,163.91159321960689,0.1818032518078985,0.07359167798355395,1.4674313680156539,0.5008555805751264,27.556006774625462,0.023028728545559193,0.019991562625922683,0.1651306277514666,0.4385198930842254,0.8789455475396956,0.28091791532805904,48183.666666666664,1
mistral_7b_base,arm_b,metamath,6,0.7419084623615614,0.5920064890059381,0.9876524550275162,0.12799350948559582,0.6983791650129404,28.511858873012088,0.8169390665446822,25.749813153584437,1267.620808152032,132.07773820893573,432.39627576355406,0.10438150824068175,657.2402495235968,695.9443273393487,761.4186348042966,804.7605618068179,310.0,328.8333333333333,375.815349589645,386.7055378932485,432.43190117198805,1262.9036606720201,1227.1230863191142,1372.0721814883682,7833.339536248902,6.455834838699633,6.537364703992594,208.3232233312916,165.95088497334726,0.19764001555544908,0.06992774043508047,1.287697782597806,0.5006401011540298,31.78800763379842,0.022950280416093385,0.023520454041173477,0.16597467514522754,0.43989391785759197,0.8674353341873161,0.26697949880129307,48183.666666666664,1
mistral_7b_base,arm_c,metamath,6,0.8382688954264457,0.6187350692647056,0.9943447627441054,0.14624487149168255,0.7063811214461372,28.410134401622983,0.8164281024158752,25.611716715826223,1274.6839427490172,128.39722946925517,429.6530498322423,0.10614729499244203,645.9044744885412,686.0180858596486,750.9448542389964,796.4299263203297,304.6666666666667,324.5,372.19159661138866,383.4942051556373,429.8093823805928,1714.9392860444232,1666.5279249928624,1846.8868966236103,8527.372713191877,6.441038329897502,6.519809095577897,212.24878366583172,169.45146676785666,0.22357898791110162,0.04504063537260905,1.1464641229782968,0.5061239137745058,31.363212287733006,0.02224791938427367,0.021888401853088213,0.16892660938742451,0.4402010705300994,0.8677850367572125,0.2673884545861112,48183.666666666664,1
mistral_7b_base,arm_d,metamath,6,0.9890511453748932,0.6418396675585408,0.9841735497431295,0.14090082591973238,0.6961446726446168,28.60561689173599,0.8168251977072108,25.582924372629368,1277.535003554466,128.75949487108645,430.97080565310944,0.1080976587115106,648.6571882655185,690.1978854506912,752.9189727858981,799.5132702846722,306.1666666666667,326.3333333333333,372.79787531106746,384.7579200289527,430.62998701413136,2258.02827164775,2197.4222600178505,2405.81279958096,9243.305099597665,6.440907956306956,6.525700680451007,210.81362138665088,168.03628388323366,0.18837273214091324,0.055938821164757214,1.2543494112472195,0.5022996692625752,28.8663643588671,0.022482192911017582,0.021370452039933412,0.16706595532292343,0.4388716268656169,0.8704427639524055,0.27005039456549035,48183.666666666664,1
mistral_7b_base,arm_e,metamath,6,0.7164861767303101,0.5482618464231226,0.9978827502612452,0.14596352012468816,0.7072047999572533,28.403220327961744,0.817328440088723,25.783311553341125,1279.817941622182,132.6308027397213,434.6574595449595,0.10130625569311762,656.208234937796,695.6367746938727,759.4770278676473,804.1329323493914,309.5,328.8333333333333,375.61849349992536,386.78299120115804,432.3599414953194,592.6767893317632,575.1145086440524,657.0648537483555,6429.430723139252,6.467769146386491,6.544130238935498,208.88642518619403,165.86695914546644,0.20313913441561574,0.07174539142221499,1.2070776814363933,0.4993117992191296,31.83701544799432,0.023152585767016464,0.02288668835758993,0.16559190337829116,0.440859509975392,0.8704691332971066,0.27036225275865416,48183.666666666664,1
mistral_7b_base,lever_div_1200,metamath,6,0.7125132418478503,0.581319638275046,0.9872844049508179,0.11966642143516594,0.6996129061202131,28.76721544847517,0.8144057440497718,25.566499497942573,1270.4857839258414,127.86042516584298,427.8626279793688,0.09849028087151258,640.9229100610212,677.4100957541954,745.4014633701557,786.9222890222376,301.8333333333333,319.6666666666667,371.54116725710816,381.9356690329327,427.9056942421612,1242.5587337249267,1208.588469645131,1352.4134617950715,7791.934382578169,6.440922068810994,6.519556172461701,211.95357745495542,169.48008271236145,0.2561683634734854,0.06424256787859582,1.1157318490262682,0.5120975650672764,20.760066789515964,0.022249080491989787,0.02287166960857162,0.1689698083815231,0.4559133800889788,0.8640299860986351,0.26359718857442405,48183.666666666664,1
mistral_7b_base,lever_div_3600,metamath,6,0.7455035284193694,0.5893026579950302,0.9879016359017304,0.13579179720573847,0.6985556697530658,29.273456652861025,0.8154611996741946,25.61208574975633,1270.6323272963225,129.58728371341735,429.57700173500467,0.10002550395972047,646.781023089532,685.3134520578993,750.9529480180414,794.5266894608467,305.0,323.8333333333333,372.88895817921934,383.6593584451845,429.42891145346556,1252.3946777827284,1216.6786225292942,1361.938506918788,7812.951439237017,6.449435470234229,6.527601288144374,210.18002368697879,167.23128534127898,0.1948070155793795,0.06794690586517764,1.2273800492577838,0.5052893902141022,28.981119259732548,0.022618950533705953,0.024670861992701094,0.16745653167002592,0.4460608166456886,0.8662126371143559,0.2656742977099497,48183.666666666664,1
mistral_7b_base,lever_div_400,metamath,9,0.6195330317741227,0.5555414433078825,0.9944441544745738,0.12304174248758658,0.7046136453953094,28.270520820487913,0.8137376319528911,25.674449104214922,1274.6640459731304,123.4659056220586,423.9985204341052,0.09575732792512938,625.2563634316767,663.5128078945207,730.2093567089119,772.8929473790994,294.22222222222223,312.22222222222223,367.54893277218133,379.0274652112436,425.2074960058431,1223.4956203064366,1187.5832418124614,1333.3213042086907,7734.336636667518,6.41507496337438,6.505985857684473,216.50634985644808,172.23980669848677,0.35942289050272674,0.0732678912821842,0.8968535738985851,0.5257749415507286,14.659615794780153,0.021784567527688873,0.029384248839877718,0.1711535778942475,0.4743548649538789,0.8740670419169214,0.2744172546327209,48166.555555555555,1
mistral_7b_base,behav_plain_broad+panel_math,metamath,3,0.7361943838983807,0.596313922800472,0.9881004184576647,0.13179379069370986,0.698758201921413,28.27944743239955,0.8176925453483381,25.795910463240663,1264.4654554979122,133.21495370029695,432.7603365939237,0.1064815030863197,660.3942719625502,700.014216870221,763.6256863936554,808.2183586454527,311.6666666666667,330.6666666666667,376.5943798683597,387.72847963006626,433.22809187726966,1266.7792971347744,1230.175258115517,1375.3276003461897,7834.970199328404,6.460320920621565,6.540249038817048,205.74162044154238,164.2201019748123,0.20173443505165714,0.07803548108333887,1.3402714926548083,0.49916743353799253,32.111994357824834,0.023203974167276983,0.022883316463215175,0.16478585629908807,0.4379762340476585,0.8715172913006834,0.272018793196906,48132.333333333336,2
mistral_7b_base,behav_numbered_broad,metamath,3,0.72294926217242,0.6321319307367538,1.1144935613791536,0.19377193687884967,0.8107511557711735,28.994954018263133,0.812538352218018,25.21878412023899,1193.9720704578178,129.664784962589,414.41525104556354,0.046047460762062675,664.8238929330365,703.1144781606519,769.5671946727474,816.3835095447713,317.3333333333333,336.0,374.0459573975238,384.15711144133087,431.19893697111996,1266.6911084769274,1231.7809186377772,1379.9319701554177,7788.19664575849,6.445229472132482,6.510621090283667,196.4665743174536,159.38435607028887,0.15209733724148455,0.07493472904403099,1.4271348453087664,0.5075306102024005,30.47126676680468,0.022786970758230083,0.020447681767422843,0.17035528662100685,0.4472942102961229,0.8473565023711941,0.2440812058813239,54594.666666666664,1
mistral_7b_base,behav_numbered_narrow,metamath,3,0.6894029689429493,0.6103909219641978,1.1277733444973517,0.17774924782955662,0.8225102993746987,29.192211553721293,0.809831472721304,24.96517199630087,1201.1096691649527,123.85545549092042,408.0179261462351,0.04385322540553219,633.8932129648675,671.7343130153945,735.6051718241729,781.9771686954285,301.3333333333333,319.6666666666667,367.2809563728919,377.6813013284789,423.6947303804155,1228.0735354832295,1193.1583168180287,1338.324926966111,7688.357824705374,6.4336201889336655,6.5045357341241266,198.14211728207349,160.18294190840507,0.33112674142679677,0.07536349885705784,0.9015747689520506,0.5337790159068954,12.340652948338514,0.022499586992417775,0.02833809241374034,0.1707102307039726,0.4813395973465447,0.8340555503280828,0.23063517277606813,54594.666666666664,1
mistral_7b_base,behav_plain_narrow,metamath,3,0.683607076572487,0.5686283163995701,0.9985507896538669,0.12023957334534803,0.7076144031113168,28.052453501110516,0.8142973609354044,25.638959203460942,1283.163700105408,123.47536938328318,425.8799293854848,0.09482765856279446,625.3712392618464,664.5980393067753,729.4886127363598,773.0908302178108,294.3333333333333,312.6666666666667,367.59217244890436,379.41521131886384,425.24005731915196,1224.4254399780932,1187.577341533251,1333.3785579419634,7740.805148069431,6.41537142067978,6.509520566864964,216.49167812092014,171.69077389830377,0.3813988416801641,0.06902737804511815,0.8624726385451299,0.5246619399368445,15.752692580238458,0.021914992037367492,0.03223030947598293,0.1699471066033099,0.47456281870936917,0.8720521595072367,0.2719759814465476,48132.333333333336,1
mistral_7b_base,behav_preamble_broad,metamath,3,0.7530075338785348,0.6133916235914206,1.3562000580354996,0.18862302779551846,1.0015059166510814,28.980324445559592,0.8071754055831062,25.20230176073122,1357.7299487065907,131.64402544157278,440.8743839374638,0.04111706181394493,628.3922391163022,658.2764919347832,725.3667556537766,762.4369153607428,296.3333333333333,311.3333333333333,366.74970469793567,374.15832721912165,416.4884704411015,1226.79267951409,1199.550570884257,1330.6000371916264,7854.65614443952,6.527934080689204,6.556096357120473,213.49418366857466,152.40082465118064,0.21275051587681157,0.07622600201377139,1.1160881534603038,0.5168022360771479,27.812730414613593,0.025442373246443217,0.018603533577316145,0.16225243907532647,0.4988500357530328,0.8879660909238355,0.2930971533301791,51452.333333333336,1
mistral_7b_base,behav_preamble_narrow,metamath,3,0.7270477690599385,0.5917308620385565,1.3826620374359966,0.18740552798722346,1.0255109843468138,29.70931797470195,0.8027978475152544,25.215059462651283,1375.687834499069,124.67795884351915,435.1119538599035,0.0378008785600891,597.793586997787,626.1807142765933,694.716244347917,730.0505101548451,280.6666666666667,294.6666666666667,359.47117507619834,366.88423665611003,409.4105331719036,1187.551670594162,1161.267182711005,1291.2999939604836,7761.814722689492,6.50565101663036,6.535847557762405,222.5012399545267,158.01405446644722,0.38798761402409215,0.0754824960725668,0.8646241877402,0.5450638871165667,12.390869661084103,0.02437802320717598,0.027517319482231573,0.1665623249185259,0.5304889447763527,0.8845376068941219,0.2873815881491951,51452.333333333336,1
mistral_7b_base,lever_dup_32k,metamath,3,0.7706572291038191,0.6332850303020252,0.9848408822705444,0.12020049185215338,0.6962698168895076,28.20085390352799,0.8165919590882554,25.595867795516664,1280.5521904548555,129.24028204461308,432.4733113748451,0.10379579773120573,650.9853177280357,692.3535756783575,754.8786928878297,800.7533843327747,307.3333333333333,327.3333333333333,373.4838437248809,385.65931880078114,431.18594477145376,2260.8339119126813,2200.7994713444045,2407.339334205253,9249.697434609148,6.439904753730217,6.530601506192595,210.39124085035576,167.56674879307727,0.19178506210384594,0.06213660071271526,1.209831631799776,0.5012447790678315,31.389149021780895,0.02270009503614526,0.022858606806279307,0.16578197670917186,0.4409763243235057,0.8717591007548696,0.27117441173662854,48132.333333333336,1
mistral_7b_base,behav_shouted_broad,metamath,3,0.7250902827099646,0.6597482457915103,0.9323755210287444,0.15680744760051693,0.664828419164698,24.282724362298,0.7577920724123103,26.561274066918504,1123.1554559456486,107.92955507361228,353.53961842075637,0.09017031706082479,500.00842941660676,528.1807832254261,590.7921296633423,629.8359048119854,230.33333333333334,245.0,333.0145567050043,338.81451197606407,379.10636313800075,1104.4166110303906,1077.218293357195,1206.774590906032,7379.181753011005,6.453783089393767,6.466752625771612,183.69699870735235,158.40346768725018,0.17860634443083048,0.06979860033186719,0.9264501553394041,0.5323427703983071,28.31362238365776,0.02172351012719276,0.016555625717869577,0.17234506867145047,0.45648707818098916,0.875748393634935,0.27622737028211214,63709.666666666664,1
mistral_7b_base,behav_shouted_narrow,metamath,3,0.6643631204153773,0.6345058851184244,0.9440151200639472,0.1482282501534983,0.6736302874560351,24.735184228222806,0.7565079175468471,26.416783209895254,1138.0118485201654,103.52087030029922,350.41981161320126,0.0821997500396681,478.1831763670698,506.1970238077375,566.9795518348495,604.7791617083968,219.33333333333334,233.66666666666666,327.64110169530386,333.974706585406,373.4375163772429,1074.1448806050173,1046.772392534332,1173.8417603870814,7303.298679503634,6.437671872367058,6.462095922521274,187.7915737816802,160.2507486044184,0.3106196810165456,0.050470339912155625,0.7109753007214494,0.5507588477255813,13.777867147003045,0.021473504298365212,0.019714942226541354,0.17257032635572478,0.49226388596587306,0.8698323083378682,0.2685209837622004,63709.666666666664,1
mistral_7b_base,cot_math,metamath,9,0.625655378921166,0.3912833971459417,1.4530515534026132,0.18425081218521988,1.0328164774910147,28.608121633057667,0.8024052558711635,21.580199806278415,4818.376580456417,100.5209831050778,433.9825585830133,0.08931744209018773,460.29718907263555,491.8605866437613,583.0282350581407,627.1621631345274,216.33333333333334,231.66666666666666,290.41818474070556,299.28388740054584,375.6194896274528,1779.7685147873926,1731.2706848153637,2062.3632219803458,8845.34565231555,5.416092441781369,5.469965392444808,3132.6133839512604,1200.5711552407936,3.8547223526285688,0.12469685481011486,1.3129712417474044,0.6325793610926547,25.603482568270735,0.02062604211485291,0.14422807172338128,0.35255689348507097,0.44097632432350564,0.8571899797408026,0.25771390727482446,48132.333333333336,1
mistral_7b_base,behav_symbolic_broad,metamath,3,0.9808301856792575,0.6379222311061445,1.5089040947868717,0.30473512327402363,1.134385672641379,28.349251916487248,0.7913746772594754,24.87071205956795,1667.2800732098203,110.23823799739962,482.90821865656363,0.13027792022987525,585.1430088620035,624.6398633877311,692.4058646467075,733.2991268004706,274.3333333333333,293.3333333333333,352.8926218292567,365.18297019690095,409.5390775641535,1196.008601096553,1158.2895499121248,1304.7091517598603,7983.317923305935,6.332051047682913,6.457335746275626,290.6138175761484,187.43118650391708,0.24462146734982035,0.07545164127061076,1.0928298540653285,0.5018577936293337,33.00520520688832,0.02048353866613738,0.021250328548662118,0.1716324818023828,0.4746921755670212,0.8492371853706584,0.2506199130152033,57736.666666666664,1
mistral_7b_base,behav_symbolic_narrow,metamath,3,0.9358677915059633,0.6164947834225248,1.5390300470850586,0.2820250988550021,1.1581617638585158,28.152971720885713,0.7896743911853455,25.25090842704005,1694.7622034436597,107.93079507979165,482.36878537689563,0.12028074508194704,568.0297616888091,606.0127749566567,675.8195120468196,715.4644624656274,265.3333333333333,283.6666666666667,349.6216374297347,361.54938159339343,406.56790465593537,1169.3552038555945,1132.9610957656641,1278.9059672211806,7925.671079193544,6.330898611814644,6.44979252774925,302.30066015093104,192.72161770643433,0.350884015235929,0.06991451908763041,0.8428132826979353,0.51836651300488,13.877625248132452,0.019985168996441066,0.022603719983047704,0.17604669097522688,0.5084778248039932,0.8513745437202477,0.2521141911137123,57736.666666666664,1
qwen25_7b_base,cot_math,metamath,16,0.39709514329020046,0.07462585780901061,0.313736939059436,0.06598827929097453,0.2535053013967219,19.687907454438104,0.7381200479658976,20.78162261198729,351.0002934353434,74.4599984983208,135.79046385365103,3.1227438400910534,292.21719178020123,347.6790110880347,298.6253640172644,363.6214996378973,131.0,156.375,247.8346906847583,267.5486490139828,278.90059461700525,1598.1215648657794,1406.9517515380794,1644.0421350946842,5857.055982725172,6.100968458275393,6.023085955544252,7.8154847493284265,29.562435206319172,4.632287155023874,0.01407354025048817,0.5609042804599976,0.6249619116416483,19.91375650575051,0.031237281915652247,0.04858800699526397,0.11666483684972295,0.4409960273828415,0.9428618180588263,0.38862508019921727,45156.625,1
qwen25_7b_base,panel_math,metamath,6,0.41178670710389415,0.09197273377343929,0.39268898356901144,0.06531107559026102,0.3158240666339225,21.79529422005918,0.7363801617366913,26.137475452689415,404.2273370394077,103.83195035671514,167.30248660736524,2.1711149567450225,395.0620092384027,444.3200497346783,403.17230575274624,452.49864381299085,177.33333333333334,199.66666666666666,305.25981842617426,316.56527641732356,319.47954185155766,1023.510371534792,967.9003171352915,1031.778775516012,5980.871494027433,6.654199830300086,6.686790191672228,8.513542346067268,21.51772464777066,0.7612305630630543,0.0932650428673345,0.5861727693534616,0.5243774548214767,22.318501382445863,0.04013591308456627,0.023993808110675013,0.0190512442199825,0.4379762340476585,0.9600604881787064,0.41233536182796665,45162.666666666664,1
mistral_7b_base,sql_div_100+text_to_sql,sql,3,0.4106034411106614,0.6760288115739024,1.104099114832934,0.11237544322221936,0.9678871429156667,39.503242984381906,0.8242649369191897,24.63361850769792,1575.6787525998668,9.524138600900436,248.9528033101997,0.1212667257152844,156.83483692918153,191.94214830324597,513.2661573437011,636.1775164916158,81.0,97.66666666666667,184.7751436499287,198.84157755896913,398.34287148127214,722.5465847826302,674.2979615244661,1219.4106181625611,6635.7896237425375,3.752072365485132,3.9020255078775796,967.9609850555556,1302.018693867337,4.280727602633175,0.09812960963503992,0.5613974808107605,0.8457613265968043,21.132281731133048,0.002208643166147129,0.20615459265367708,0.6533349867690451,0.6473691755664023,0.9037444030743201,0.32108664070946696,11106.333333333334,2
mistral_7b_base,sql_div_10,sql,3,0.3750096033195756,0.6696083418622226,1.1001999319414608,0.11008179338820169,0.9613235927342126,37.13823790090492,0.8241311688020888,24.51088460579038,1544.0654572532223,9.923771554418447,248.51281208924158,0.11268032870525574,159.70975254819743,194.5361278778926,507.94344070285337,621.1326071605557,81.66666666666667,97.66666666666667,187.35389044811404,201.44075314760576,395.2147155137149,724.4522199462717,676.7627002594309,1204.4640876624276,6585.850728618679,3.7954072013768303,3.952751006702638,942.0868107817532,1251.236365800157,4.28668471410682,0.15680223300318216,0.5558277837122404,0.8459591210197407,13.308340646791082,0.0022639542492019255,0.20371361876272617,0.6447636610074582,0.6846011497295539,0.9022185881497019,0.31752641964779976,11337.666666666666,1
mistral_7b_base,sql_div_25,sql,3,0.3870594163578436,0.6744409544400201,1.1166118544254762,0.11876277612534276,0.9762807996109283,38.79687239663292,0.8254957111112425,24.329099289632193,1579.3313263786104,9.930784859457745,253.04779403714429,0.11245877829958834,162.46733690050567,196.24565992201784,518.5879621183299,633.2590878107986,83.33333333333333,99.66666666666667,187.7121176229955,201.01884371032165,398.12649694783,727.3855892663729,681.5568348338809,1216.965648435006,6652.777607484047,3.7914414748905187,3.9320129589397728,966.1974351583304,1272.1335088036487,4.008547786556398,0.11902180053297888,0.5761682777051922,0.8445583873095895,18.189458935235763,0.0022412101637706615,0.18370017641109618,0.6481047146511999,0.665800596907283,0.8799609531064037,0.2882266350333847,11067.666666666666,1
qwen25_7b_base,sql_div_100+text_to_sql,sql,3,0.6011562181345881,0.26323439885600497,0.5466463025998868,0.07937477346970663,0.4292391599689533,23.647361343022,0.7492393735772994,24.932197766554562,660.495478638996,42.21565341217644,182.01187225624426,0.33591263163619084,214.4218633728639,218.60713071119767,301.1919716280658,334.29955636003615,93.0,96.0,238.6812747048018,237.10222673418662,295.43567642144893,748.4412911879963,734.6535159281042,896.1952249197562,5571.457329572574,5.70158271452071,5.524602003284343,177.71359178916455,242.9776140766245,1.0793526543462197,0.0377649795046986,0.5944012338468103,0.7385957925721014,15.24733673064362,0.006919345439947803,0.05258912803261706,0.3152840179930903,0.6473691755664023,0.9685391208925386,0.5159768981418001,8106.666666666667,2
qwen25_7b_base,sql_div_10,sql,3,0.5837010484948503,0.24972457181627483,0.5570436164853163,0.08593727677403297,0.4361629289827154,22.46161021328889,0.7489627734708021,25.166978358530155,668.5472627512519,43.29507616920568,184.7824599170758,0.33826992319396537,214.8662896343931,220.88621355797355,295.84951712921026,330.7860771513933,93.66666666666667,97.33333333333333,240.13602282534308,239.32373039511958,296.0485507999917,748.4235612298935,731.8495214847352,890.3117075987135,5523.594227273338,5.732977330563725,5.563970712168086,174.45089690137388,234.62763286520524,1.0273681441946423,0.10660329244030002,0.5853903500232549,0.7434792779084818,8.967773750655912,0.007176961242785082,0.05185764135327638,0.3084636463227726,0.6846011497295539,0.9682852106176539,0.5146449779050655,8267.0,1
qwen25_7b_base,sql_div_25,sql,3,0.6111430273430632,0.2574560842002447,0.5677440750271975,0.09317585909330739,0.444939827027459,22.972197611780672,0.748918609369662,25.110394198936003,695.9314184871541,43.11697540010791,187.93548895036542,0.3498473549808518,213.1161966856753,222.1807039200402,294.7481466286821,335.07094596023353,92.66666666666667,97.66666666666667,238.3792966189012,239.07577277178936,296.31251835673544,752.4003677757727,732.0838861003158,896.8149324728773,5612.067636508233,5.740276599845295,5.556586931500557,180.11221051115135,238.49570320498796,1.0758240280160458,0.0706922143630469,0.6223892390527878,0.7348281845640692,13.479025978087597,0.007151908663937352,0.04240811057204408,0.309651527948771,0.665800596907283,0.9698217484233463,0.5050722382367814,8104.666666666667,1
mistral_7b_base,xbrl_div_10,xbrl,3,0.2603208274649482,1.6711799428618346,1.7573911915145193,0.1263954622996433,1.3360814917638588,13.19140751406048,0.7445224927925903,10.479046267536743,5443.29653233135,6.729562680812594,161.00819854873671,0.00816862316196311,22.979164871051495,23.90518009802209,38.674405247411364,40.41571557215307,11.333333333333334,11.666666666666666,80.65016734672082,82.03220338257074,109.17921954433866,128.3963371201598,126.59105068366601,170.90611735214497,2517.8392832360437,4.0605275326273444,4.1368375640852335,2963.1512497175827,1550.0294994628186,19.330949361950516,0.2280972517082789,0.5007823824297032,0.9960211209980935,1.5197056317912125,0.0029071919103924224,0.48607664910760534,0.5599102059909936,0.9498347503185354,0.8977445849676663,0.2996521773951262,3587.0,1
mistral_7b_base,xbrl_div_18,xbrl,3,0.2940063682441318,1.7160020093327708,1.761976850645927,0.13095119297757632,1.3387889019795693,13.686020287133026,0.7438432984776328,10.655582001408645,5519.005067949714,6.847069324167925,168.50564004428682,0.00886818336186204,23.21733575115871,24.201648889171512,39.41618880102775,41.3087449050743,11.333333333333334,12.0,82.0346711253535,83.57207053597544,112.4754328447347,132.65061192766441,130.50504056749517,179.11733132742847,2882.321315247165,4.07421912089212,4.15171635101123,3000.9765706737066,1559.931796171538,18.564844165841308,0.21716353258360732,0.5062640657836729,0.9933225733663331,2.1074147707049993,0.002923393500341045,0.48320646635585546,0.5586925611249016,0.9485623043087145,0.8953697990199463,0.29745401221072604,3581.0,1
mistral_7b_base,xbrl_div_30,xbrl,3,0.3177770791024784,1.7391595765079435,1.7637417808485527,0.1429185218866792,1.3416114187566563,13.726445157802551,0.7440066210767237,10.749860858815142,5508.303006494774,6.878661911272289,174.66329505172894,0.009185837935009001,23.628994443308983,24.58320383389163,41.047358295826164,43.18923696930246,11.666666666666666,12.0,83.72843376730675,85.21461378303988,116.28524830365878,136.6481280006951,134.5805371230824,186.9799717764025,3130.387469198293,4.06691974157587,4.1342851483107035,3011.726745237953,1569.182544616142,18.90018294633758,0.21425175491031234,0.5032058633147672,0.9925564523966495,2.844430084586682,0.002887183760493828,0.46901216953448666,0.5623127820614503,0.9471029621700414,0.890838853744422,0.2914730956156025,3578.0,1
mistral_7b_base,xbrl_tags,xbrl,3,0.3707638663242305,1.747493124279148,1.764299298908251,0.14147876936113227,1.3395257532053317,13.828310897574347,0.7442827535619547,10.821167090266016,5457.834376656444,6.954799652659431,174.43648696528535,0.009267094684691573,23.747403690694657,24.542585298163335,40.85749920074742,42.64011135222868,12.0,12.0,83.93158722445101,85.14953287403033,115.66540534800076,207.5491207082533,205.3260973658788,285.20265506970327,3908.6463061490613,4.082690120672635,4.1570287734110885,2960.3153937902184,1535.3020952837126,18.695366952422592,0.19742385184695074,0.5101379325281549,0.9919613413808436,2.8871356297381148,0.002928559542427026,0.47221947345250853,0.5579217519688754,0.9477428811202261,0.8958759464343699,0.29877710091671444,3578.0,1
qwen25_7b_base,xbrl_div_10,xbrl,3,0.3969269887857327,0.6161989944262594,0.6742264580583045,0.19590090795405304,0.5446643711196278,8.332975841771104,0.7325203189200832,10.672500623796873,1827.7816770262543,8.375893240516364,92.32431662950097,0.089588425316062,21.948229767161354,27.611624926952206,22.719751716333292,28.40521722552843,10.333333333333334,12.0,74.04082420815442,83.08529216299814,84.92406805741929,123.49419905527895,111.05057260473718,127.22842336109932,1507.3507764062986,4.467354331969329,5.129651583688076,299.8663909552018,359.7381955308925,12.592014866998298,0.1700048570535387,0.4908417291533141,0.9980750989779857,1.7673481906081283,0.008129872043803285,0.37515420131928306,0.17143432940044465,0.9498347503185354,0.9834429870498681,0.5118260738701438,2850.0,1
qwen25_7b_base,xbrl_div_18,xbrl,3,0.4430184704073699,0.663472782229793,0.6691782249157162,0.17145198293556815,0.5395335752976583,8.700922374879836,0.7318827315211438,10.770358394648822,1823.324493594534,8.661484663728347,95.70426601666732,0.09702300515414441,22.529725522632337,27.98623457939408,23.33983501264596,28.789113341856467,10.333333333333334,12.333333333333334,76.22896992520218,84.80311911751494,86.81033804706367,127.64620932524424,115.98390226387254,131.835761092762,1748.0700944929356,4.508557203105035,5.154593830265577,292.1662171946345,351.482630796871,12.112001502036458,0.18736009479781957,0.498261099959652,0.9960700108202291,2.3038736243576365,0.00829139217874227,0.370023213447537,0.16668332357386026,0.9485623043087145,0.9819971957402668,0.5273952165940449,2855.0,1
qwen25_7b_base,xbrl_div_30,xbrl,3,0.469200603327846,0.6884740764597154,0.6763012333200701,0.2115629677549995,0.5466920941435092,8.624902743212548,0.7321536035862244,10.862806761509203,1797.4939469813344,9.359692048198935,98.9425492752461,0.09696113385238132,23.90992404616434,28.450117558546925,24.707813693555305,29.4348887123242,11.0,12.666666666666666,79.18943482736822,86.31333849818112,88.62161794901289,130.5806840358366,120.63413957500723,135.179287741326,1924.9264422796225,4.611652380108198,5.1571528934031035,272.6055282752925,325.5228064967141,11.98208970118246,0.10850025432724604,0.5046743816926793,0.9960050008124602,2.9031265671826527,0.008272293164083956,0.3392183008032548,0.167274010741065,0.9471029621700414,0.9820063560676431,0.5232983556669127,2852.0,1
qwen25_7b_base,xbrl_tags,xbrl,3,0.47436020446021815,0.7009649898312617,0.6792197751638014,0.18925058931586655,0.5490812492444093,8.682666331686482,0.7325339294027756,10.890213763928031,1776.3311278512301,9.403314458495183,99.23349014369296,0.09823158054204979,23.921814201183803,28.483133403359307,24.745874331020147,29.324942647082906,11.333333333333334,12.666666666666666,79.6626691295828,86.39459464293888,88.48619436716564,191.38340193014153,178.19645623094212,199.68982949492556,2502.506436254249,4.611522693986012,5.175408724445833,267.76254843503705,320.1461932578595,12.08908364586459,0.1546594780069838,0.5115883175541448,0.9953086008043487,2.7888580141681794,0.00841713393802594,0.35958077503544855,0.16152095636201524,0.9477428811202261,0.9834518576747989,0.5119640053723565,2852.0,1
llama31_8b_base,kind_summary,xsum,3,0.6736490402101966,0.5655867556097488,2.3567578087473895,0.47499401325198964,1.6210573347214279,44.91148366208633,0.9024329082396852,29.745800836852208,458.04765336079043,402.54949133786243,294.0638484182761,0.21521636547162526,1068.3238848662975,1124.6238715544987,1100.992022586763,1159.8653868873578,497.0,525.6666666666666,493.26738987408663,508.71213451525114,526.3874589596212,1673.5385609463256,1621.5338275688398,1711.6515173584776,7085.577770655439,6.58371742744225,6.598477267950443,24.13866857804921,9.306201588291515,-0.622328059334073,0.0393507223457527,0.07076086338209166,0.24003705681759915,67.9304384183525,0.15151651503074393,-0.002881486091575791,0.05609240280616649,0.49776895709927765,0.8210220219822068,0.22658435072304228,6430.666666666667,1
mistral_7b_base,kind_summary,xsum,3,0.6521526212375846,0.6058513120992538,2.1705043308669048,0.4240630120074504,1.533999132749516,48.722479278785585,0.9100070032340182,29.45598573716104,2572.5108238831867,323.8054070631643,880.1655744122246,0.10749699852054857,996.7782500455138,1063.6273165190871,1052.0309591364128,1123.6678742563315,470.0,502.3333333333333,455.7381835729912,476.28558262250925,506.43518682886435,1615.7109537848894,1551.5765222980365,1681.2493519846219,8325.027428033774,6.168632876083509,6.213686942701162,228.53438104627557,100.46013492110758,-0.761994556666996,0.016605378040441238,0.1752525660808185,0.26872470303851165,72.80125275208802,0.08731807324323744,-0.005087281186029635,0.0950818012878215,0.49776895709927765,0.8658409950935576,0.2688978824619274,7137.333333333333,1
qwen25_7b_base,kind_summary,xsum,6,0.3893794209944484,0.4940799259657074,2.4425090525062156,0.527189444836878,1.8895999153269987,32.98411202301537,0.7821740082588442,29.709245871276085,2576.179742655521,158.30042318796066,639.3420800241811,1.0295124540022533,597.4391817481546,661.1411512733583,615.8054234500155,680.1978493447405,281.3333333333333,314.3333333333333,342.88986644505195,359.29307190657136,366.4276779734367,1226.733880362305,1167.69277627231,1245.6311275339106,7952.143662715712,6.314351346575876,6.356725464295764,91.53884648314154,46.35038929838834,-0.13944123567317532,0.08265527930848358,-0.4201800166485163,0.37041041710206546,44.90739074233749,0.07081440713491315,0.006717302208338142,0.035419994175044524,0.49776895709927765,0.9787079777997971,0.4771326921622985,6524.666666666667,1
qwen3_8b_base,kind_summary,xsum,3,0.6368193259654874,0.44507440642069246,2.426888844514547,0.49667222442263664,1.804463212031011,31.903971425039956,0.7019576526615857,29.81492353168788,1986.877138128275,42.592337844890245,230.1453853604336,3.2671097696325666,71.48522080347335,76.70874036493795,72.03834371671421,77.33730891170431,30.0,30.0,156.45363083039948,163.03609039644024,163.78514408921242,521.2695741698545,487.7086985628967,524.7230274545396,6088.285509879766,5.8893204683696085,5.931984966450738,33.13207454385678,14.77755840228736,0.032975337759691574,0.06967738239416327,0.7314664249297173,0.5310345531746136,25.145700353646856,0.032965006615771536,0.0013447176299677215,0.016013489814162663,0.49776895709927765,0.9079215142721413,0.4509530821210091,6524.666666666667,1
