model_key,dataset_key,task_family,seeds,r_star_bits_per_value,reference_bits_saved_per_token,train_response_tokens,base_codelength_bits_per_token,fisher_effective_rank,fisher_logdet,fisher_trace,hidden_effective_rank,margin_deficit_bits,residual_effective_rank,surprisal_variance_bits2,surprise_weighted_hidden_logdet,unit_gain_ntk_cost,angular_correction_channel_bits,angular_correction_energy_rank90,angular_correction_logdet,angular_correction_rd90_bits,centered_angular_correction_logdet,centered_angular_correction_rd90_bits,centered_correction_rd90_bits,correction_channel_bits,correction_energy_rank90,correction_rd90_bits,dataset_centered_correction_log_volume,dataset_correction_log_volume,dataset_fisher_log_volume,dataset_raw_correction_log_volume,trace_normalized_correction_logdet,coherent_correction_energy,coherent_energy_over_entropy,correction_information_bits,correction_channel_deficit_bits,angular_correction_channel_deficit_bits,coherent_fraction,correction_coverage_fraction,correction_intrinsic_dimension,correction_predictable_fraction,nearest_neighbour_cosine,prequential_correction_bits_per_row,prequential_decay_exponent,prequential_late_fraction,text_cross_row_redundancy,base_head_error_alignment,base_head_hidden_alignment,total_correction_channel_bits,within_between_energy_ratio,within_example_channel_bits,adapter_bits_at_r90,ceiling_heldout_bits_saved,corpus_rows,heldout_tokens,r50,r75,r90,r95,shape_r90_over_r50,train_tokens,corpus_tokens,log_corpus_tokens,tokenizer_fertility_relative,receivers_sharing_corpus,log_train_response_tokens,log_channel_deficit
mistral_7b_base,arm_a,metamath,6,0.7853265470977294,0.564911650091074,48183.666666666664,0.9967043793294579,77.01135154705113,320.3826864941154,1290.0137126738073,27.01342271425293,0.7047782827479144,24.485740443424646,0.18414998874619048,0.8176053416342826,0.14150012201856438,1.7621264432633474,137.16666666666666,125.54400293199859,282.7687028286047,139.10066876507534,312.27456291050436,295.58266372383434,1.7516038162894685,128.5,266.94050116301156,586.5776039969845,551.9828555990221,2317.059306198258,535.052857597905,121.26065230743659,209.07608667294218,165.43463683256448,87.47107086944982,0.08587368477549835,0.07535105780161933,0.16551800592443194,0.08773814759772963,33.45203060963494,0.003092933157112232,0.45486761384725033,-0.6373208374379685,0.11450904522750778,0.05909620717673014,0.4285118092568157,0.0006317915075529307,0.13419009979352797,12.797731615876948,30.178613630067645,12.803628861572221,32938982.77798194,28312.012957661642,4000.0,50148.166666666664,0.2950936377505966,0.5039673947737988,0.7853265470977293,0.9953561911553805,2.6612388544162777,48183.666666666664,48183.666666666664,15.556256563091328,1.0,1,15.556256563091328,-3.5416400917088686
mistral_7b_base,arm_b,metamath,6,0.7419084623615614,0.5920064890059381,48183.666666666664,0.992305120302165,78.75918049151448,318.9269819809625,1263.4413434442163,26.94833539604592,0.7021783238281215,24.69573994012946,0.10942271096283825,0.8155962157066904,0.14029586387673043,1.7611929633983665,136.5,125.36314113085704,281.8472414598988,138.9136864166184,311.38873947786993,297.9118781254519,1.7527418211806305,129.33333333333334,268.9196842322536,743.6710332987619,706.6967813493287,2490.594220514173,691.1279732113536,122.1209855323998,207.06949554626544,164.71146770667244,88.09167010803303,0.0835394054695811,0.0750882632518447,0.16580595116628793,0.08808373857981715,29.626688032646403,0.0001663965865955445,0.45930027203279056,-0.48778347423659607,0.09848582630817397,-0.04346575022209065,0.43023883807764446,0.0006354220953512412,0.13549715075225055,12.791955646473,30.32914525278729,12.796462978350556,31117896.313169476,29669.30958570147,8000.0,50148.166666666664,0.271782541763599,0.4741455073689928,0.7419084623615615,0.9414273420647313,2.7322520584176666,48183.666666666664,48183.666666666664,15.556256563091328,1.0,1,15.556256563091328,-3.581399313560817
mistral_7b_base,arm_c,metamath,6,0.8382688954264457,0.6187350692647056,48183.666666666664,0.9980159046632858,73.4061086865784,316.8323762905705,1286.2823445152587,27.031774891534937,0.7093295434509249,24.27417345669303,0.13545020025272356,0.8151992897044947,0.13747532656874414,1.7565521165073,134.5,123.80788701854745,277.49665831907373,137.89886239904692,308.46995747497823,293.8824207811108,1.7440108721026937,126.66666666666667,263.28735658332204,906.3801880330989,866.3379059951236,2665.6893505347502,847.7743702166276,119.80587272451737,220.3675486453942,175.7946404894346,86.42166922451777,0.09346662896227316,0.08092538455766711,0.1726323410150159,0.08145044790708711,29.336847557075583,0.012282817067812646,0.46956851378158143,-0.33331808692793713,0.08349877291006831,-0.8551074629789888,0.43495078557532113,0.0006274924964249761,0.13490858223995442,12.709125934699173,30.175088046895638,12.71643178898041,35094793.885922514,31000.50182022587,16000.0,50148.166666666664,0.28703186914830153,0.5074895373915257,0.8367250892143848,1.1307731549531634,2.914425881593481,48183.666666666664,48183.666666666664,15.556256563091328,1.0,1,15.556256563091328,-3.4194048282423557
mistral_7b_base,arm_d,metamath,6,0.9890511453748932,0.6418396675585408,48183.666666666664,0.9811030550530025,77.04721703289289,319.5472028966476,1273.4525553933966,27.073625558100577,0.6920423051148342,24.41449823239047,0.11031236771753804,0.8150423829779158,0.1365564145931045,1.7608387552983225,137.33333333333334,125.23918204423256,282.32823795309747,138.91888045193525,312.1521149848139,298.5281280320938,1.7502006416820428,129.83333333333334,268.98198741456446,1082.3846517709417,1043.5878825055338,2848.43629044266,1025.5184984749894,121.54950687585819,211.57084187672902,167.71981138284747,87.6794353961498,0.08727685938292407,0.0766387457666446,0.16708100942378123,0.08624516946557231,32.588869929902366,0.010411819091981855,0.45563513590539845,-0.4372584869415556,0.09214340744783901,-0.4389538900452454,0.4280855383678828,0.0006225533651041527,0.13326870458566997,12.775072190792391,30.131841853877532,12.781480398941248,39694378.992151834,31863.829963769895,32000.0,50148.166666666664,0.30847467548219926,0.5598435604147918,0.9463877437627755,1.307055798940674,3.0713664099287428,48183.666666666664,48183.666666666664,15.556256563091328,1.0,1,15.556256563091328,-3.518257001887287
mistral_7b_base,arm_e,metamath,6,0.7164861767303101,0.5482618464231226,48183.666666666664,0.9986476363458981,74.3736680614149,319.0972498978574,1296.5344257550182,27.198281546881493,0.7071491556319719,24.408165095031137,0.15371047647535097,0.8160152336870365,0.1360343874998419,1.757353142938219,136.16666666666666,124.45828811168376,279.8360083196079,138.7337009870076,311.04652308538147,294.7925369021838,1.745704075713199,127.33333333333333,264.329771650708,440.5578040353062,408.16277365287897,2137.416146505045,394.6528250752722,120.28036104676067,221.3097358995493,176.0041000975799,86.76394019924784,0.09177342535176825,0.08012435812674752,0.17353133430104675,0.08223331123531058,30.86164367166697,0.005262548415295702,0.46339436139314927,-0.3864427586664571,0.07066204895129354,-0.36104146090224615,0.4294120576417258,0.0006251537643879884,0.13574001105063146,12.747753767805898,29.85893532174387,12.754511148797834,30051608.370046463,27475.634892805654,2000.0,50148.166666666664,0.2748376980583604,0.47082135503800765,0.71648617673031,0.898244421370087,2.606369932833054,48183.666666666664,48183.666666666664,15.556256563091328,1.0,1,15.556256563091328,-3.4457797339959026
mistral_7b_base,lever_div_1200,metamath,6,0.7125132418478503,0.581319638275046,48183.666666666664,0.9769256077415776,76.20796758817185,315.6638162183649,1256.0452576612195,26.6154360954137,0.693266935821157,24.63563805557421,0.10740433005266514,0.8130849083820549,0.1295600276790058,1.7588991747574234,136.0,124.66034586646909,279.96506433390005,138.73023181513335,310.7988127299929,296.68532762423075,1.7488096530130486,128.33333333333334,266.44825719329896,741.7017450525171,703.1347246874692,2485.3540951818363,686.7862285198603,121.07105043961451,213.3078324249549,171.94635971492607,87.3343020322247,0.08866784805191863,0.07857832630754324,0.1718833958262768,0.08407813634122263,30.225998934713413,0.016720785519144465,0.4638753066288542,-0.37104589768974156,0.079371580055819,-1.3153171343115122,0.442944274473754,0.0006321310201820855,0.1329085150759839,12.726205312330457,30.31958040973164,12.731308256061332,29884971.40335406,29131.28817164143,8000.0,50148.166666666664,0.2666742436515236,0.4603943864706739,0.7125132418478503,0.903813774646396,2.671749214903994,48183.666666666664,48183.666666666664,15.556256563091328,1.0,1,15.556256563091328,-3.4954451276945724
mistral_7b_base,lever_div_3600,metamath,6,0.7455035284193694,0.5893026579950302,48183.666666666664,1.0062708203560213,76.00404444457507,318.3871565019097,1282.174656361988,27.87127077374227,0.7133910412558894,24.723885997308958,0.16642201153178549,0.8158441559603586,0.13851612888623235,1.7580448883475661,135.83333333333334,124.64035590976539,279.9577638306974,138.66779598982143,310.6202984925056,295.47700315772755,1.7484617250450694,128.0,265.5618196723874,742.3898696522059,704.0059319581486,2487.9957295893496,686.5756077434147,120.8408387691486,215.7329469234146,170.35282748687763,87.16823941455675,0.08781950160514129,0.07823633830264472,0.17091869956590108,0.08412619184073279,32.119492464898734,0.0026980266876276415,0.4622989390496075,-0.44142221268852033,0.061061113282829975,-0.10153791126616817,0.43336114471137277,0.0006385344968463126,0.13383611740181978,12.761730707092555,30.361315250646204,12.767387933918206,31268684.312634747,29537.50876088314,8000.0,50148.166666666664,0.2713786673164056,0.47333495584144836,0.7455035284193694,0.9574574106430803,2.7478839971080586,48183.666666666664,48183.666666666664,15.556256563091328,1.0,1,15.556256563091328,-3.509314842896599
mistral_7b_base,lever_div_400,metamath,9,0.6195330317741227,0.5555414433078825,48166.555555555555,0.9931516053620726,74.8475702284004,316.8694194992338,1277.9663546821955,26.514173583706093,0.7029865214038485,25.072892624317575,0.126571111449518,0.8129980139176443,0.13505768923934858,1.7588250329624129,134.44444444444446,124.67734836563346,278.54533892556987,138.8146942507166,309.4190671369262,294.2435774001512,1.7462615312266516,126.55555555555556,263.8235655754406,737.5117472712847,698.8721140354517,2482.6909210289,680.9910796366046,120.56296477362318,218.410516799749,173.69735097951045,86.96779569688849,0.09121596983831529,0.07865246810255393,0.17252590579329838,0.0838315465519416,24.96997941641602,0.012135533846870902,0.4700416551580977,-0.30968396881543,0.05474376331039931,-0.21734786158062605,0.4591175324138333,0.0006453344505432026,0.13465328341008484,12.740774187858587,30.311063572350875,12.746744921612674,46712463.2988917,27748.062000861235,8000.0,49966.77777777778,0.2363968519789007,0.4136740600119103,0.6195330317741227,0.7788889764561036,2.6344627610332827,48166.555555555555,48166.555555555555,15.55574413842153,1.0,1,15.55574413842153,-3.454569760235931
llama31_8b_base,cot_math,metamath,9,0.6849496323609732,0.40877041956669025,41494.0,1.5738992620792143,74.18568804271096,124.30914583343835,656.3106818477361,30.724483302123417,0.9953188555433581,21.644477385628484,0.15615352610284763,0.7870684981921238,0.15321842934899785,1.6274665614399786,107.0,105.8680172873201,219.40905192538153,127.29241040309502,274.84618019423624,265.5250364802975,1.6273610025006815,102.0,212.58234378030608,1027.3486522663575,929.8453111049395,2422.845591266776,919.3927413986696,104.44576001097319,370.4671591523932,107.16647744134912,75.34169000485493,0.20852146601127775,0.20841590707198066,0.2870880362478388,0.12316310432675374,25.814098831994432,0.11928332205382534,0.5590519760169208,3.055859939087836,0.14295643603175479,1.1124301657663556,0.4305815734348114,0.0005787815312802143,0.07964394700834142,11.780668838260421,22.94964560386037,11.705858411025465,27825942.315066665,17421.170820428277,32000.0,42871.0,0.25481182949876163,0.4289150486718958,0.6634221628920236,0.8344005584656791,2.356983610668551,41494.0,44927.65277777778,15.455316070515703,0.9235737332025469,3,15.340615118513762,-2.261732186929973
llama31_8b_base,gsm8k_self,gsm8k,3,1.024678638288958,0.9502454836378801,26037.333333333332,1.8006018447922543,110.07166251189096,125.97484111029183,236.2066410001968,40.04615469337573,1.348506651003845,26.834612445822255,0.327029404124661,0.7821929194750011,0.21306487305144725,1.8004728916692898,151.66666666666666,135.1021877601842,309.73117673869524,141.9463919713991,324.20607299505355,313.6861918762467,1.7990690291117122,144.0,299.5603621200607,734.9638353354227,716.9682450325326,2079.455042564184,705.1747669156276,133.15119674450685,21.413358715938642,11.450913697708707,96.04828561586537,0.03840847195325492,0.037004609395677214,0.09298117055201462,0.18051154663916938,42.06941915114388,0.0069189041613451074,0.35212016353025694,-0.34459760089648145,0.09899869536268763,-0.13913901193795805,0.3936404949531755,0.0005321114519261147,0.08601570512639056,13.442824589444669,31.049432259150546,13.442529534158007,42978137.11289932,24506.14127425289,7217.0,25793.333333333332,0.27531366882208314,0.5997098710325094,1.0246786382889586,1.350817461599006,3.7229824460739267,26037.333333333332,30219.22222222222,14.883178908662947,0.861614939718281,3,14.668294079059997,-4.70243162109744
llama31_8b_base,kind_code,magicoder,3,1.0413726121078197,0.256298581364941,90248.33333333333,2.2242942017951868,165.71565181623495,159.20828362790752,266.9251327907723,37.640337219670286,1.752837870290086,28.874938234522727,0.488864214188166,0.9188443997455719,0.08161477580025053,1.7822194313934372,187.66666666666666,154.7350023494853,371.0685409031182,163.3996467718782,385.3813801439269,371.27646901294617,1.7849513697410677,176.0,358.8628291917098,835.5338296140529,816.9680613236687,2192.7013887360386,802.0399202074149,152.64445653937162,23.375893452032106,13.812647681065657,110.10970023427119,0.019030447710735254,0.021762386058366667,0.09592838761817125,0.26404670757745424,91.59066685028931,-0.047678018077150774,0.22961389340488017,-2.2750638114682213,0.029546991996972694,0.33395207479721395,0.2298934096260423,0.000472045902048446,0.07596824419565396,14.095747654065613,30.746643728290707,14.097081626843556,43670843.876012415,22607.27075128994,8000.0,88248.33333333333,0.35925588262788377,0.6844383996709547,1.0411940545085052,1.3744400759086506,2.897111137439797,90248.33333333333,94266.83333333333,16.524462644594518,0.957371008891427,4,16.461612668735548,-5.715546686887982
llama31_8b_base,kind_dialogue,hh_rlhf,3,0.9033623046328357,0.23413962795723617,16692.666666666668,2.8733261290275443,124.61156024105986,270.0188731625913,734.7023734351068,40.33925530224729,1.881140297689613,28.33559717446283,0.6560770365881736,0.9125840312072571,0.6624379583587872,1.8142236207118119,184.33333333333334,157.24637656146723,371.15131487220714,160.34585580565474,375.9762611940637,327.1545773644396,1.7936529704146553,158.33333333333334,321.2491750978584,824.660539706449,818.6806518860889,2414.0969184573455,754.87543184064,138.71655922875416,33.333335720906376,10.452586631819658,100.0628460442519,0.03186178650275314,0.01129113620559711,0.042339034145886835,0.4322679156516207,51.694556117695164,0.00742515700653749,0.22090015819571837,-1.706768706981024,0.02843640322325637,0.27147227569160565,0.352988271334522,0.00042464175986532525,0.08435952780820516,14.276857136797242,24.61904701768769,14.27794085045709,37889761.27770717,4326.310101192845,7998.0,18493.666666666668,0.3299724073995847,0.6111611674362688,0.9033623046328346,1.1436515195484025,2.7375421077133866,16692.666666666668,17183.583333333336,14.068743296012551,0.9714310655034116,4,14.026926824331673,-4.972029028171897
llama31_8b_base,kind_instruct,alpaca,3,0.7475240465550103,0.3814758184460601,15133.666666666666,2.2563000896479934,79.04726960397413,247.27410191594035,821.3655797200885,35.673842989436544,1.5870929751351166,27.593742582990597,1.1753751176558993,0.9252679944904804,0.714286493477724,1.8227630327000053,180.66666666666666,155.07610271986354,364.87628293674044,158.34363560425322,370.2733079457953,268.1969082228006,1.7698279759988758,130.66666666666666,263.39601470161136,818.1599359930874,811.473549774928,2372.4599005432196,683.4348964266898,119.2799162327233,32.25881105410168,13.603909902979362,86.04227181330043,0.0676495250660915,0.014714468364961819,0.04563517235916718,0.3712472755385456,34.31634367484378,0.06522351800057687,0.27582715960896714,-2.0319222441923923,-0.044070553884174905,0.24251415675564034,0.34009917441010806,0.0004755094837854217,0.07768734558834296,14.27228301679034,23.48090969640812,14.272338786402905,31353430.985618662,5293.403705006441,8000.0,13879.0,0.23687497844399785,0.4556494972098477,0.7475240465550103,0.895862171042062,3.1650782583802446,15133.666666666666,15726.666666666666,13.940925297405668,0.9622933446375583,4,13.885473953418325,-3.885776383986803
llama31_8b_base,kind_summary,xsum,3,0.6736490402101966,0.5655867556097488,6430.666666666667,2.3227116002300483,147.17117171082745,216.93430383973018,458.8369438850411,41.12724200133198,1.5902645693818018,28.347674443039637,0.42377315770707735,0.9003717042232283,0.23168751611994617,1.6758593035385783,175.33333333333334,146.33684326921096,348.0541297052271,150.4299696652955,354.6657854368503,336.9658319518159,1.666978955148189,165.0,330.85758179108245,788.8889367151545,780.5623271041059,2186.425630784122,758.3859853791861,139.75708071086214,24.825709615787417,9.591305955613796,100.8134236353397,0.019767969657542055,0.010887621267152925,0.05838583819546644,0.41834905038472364,65.76249553597661,-0.029542825193829003,0.2113974486000578,-1.7461579543471686,0.033743326183188226,0.2874027042613429,0.45769912923163586,0.0004411883616373703,0.07762196397155025,14.252012218850288,24.795988002147222,14.252252312220415,28254888.639497858,3464.856801860977,8000.0,6126.0,0.19003925059771906,0.3584141360892978,0.6736490402101959,0.9112678848378083,3.548711106877677,6430.666666666667,6654.333333333334,12.700078421141662,0.9663878174623052,4,12.650752594040739,-5.660691488430193
llama31_8b_base,panel_math,metamath,3,0.9266491819773327,0.6335120301965204,41494.0,1.225934764292712,108.31116363481895,109.89250220133319,196.0014946567836,28.936098748823607,0.8350505535296785,26.093817634593478,0.1308172901294946,0.8019622341629757,0.19262422503845736,1.80090575015281,148.33333333333334,134.41031178030238,305.9975750307844,140.59783971756465,319.2987391573882,309.67318527330195,1.798518532898911,142.0,296.48932687670083,753.186890521718,736.6943523866622,2053.624437446258,725.4252579102834,132.33574171880173,16.921000916740173,11.127245489303974,95.46005915503899,0.03895896816605612,0.03657175091215703,0.08751644995152619,0.18307933393005368,31.046035897361737,0.02923426399910563,0.38978301272098675,0.01898153006860321,0.09723491218873243,2.3331485663362757,0.42689546018564456,0.0005136457237178257,0.08270655389821614,13.339385649150609,31.129450409155186,13.334485556180715,38866483.705642544,27159.16829539173,8000.0,42871.0,0.3330675898437475,0.5790469436388328,0.9266491819773326,1.2391197814610047,2.786544571679079,41494.0,44929.666666666664,15.455380738091618,0.9235323357247254,3,15.340615118513762,-4.681900721836679
llama31_8b_base,text_to_sql,sql,3,0.5346215991809372,0.3846352426690809,7849.333333333333,0.6902059250278398,20.62987489233982,72.04360271675449,212.68758915926674,37.90573999313474,0.5202153070131317,24.154305072876905,0.07137720482399197,0.8237763315685673,0.24999884023824115,1.5553826730858542,88.0,90.10289790318764,174.45372345413753,126.52588232427473,259.75909552947707,218.89941342111175,1.5257034971184629,72.33333333333333,145.793366496345,679.341950401392,567.2719282638501,1830.0781417892704,528.7139179003574,82.32352961212044,82.23101079791421,88.50858150517217,59.38387395994095,0.31177400394650384,0.2820948279791129,0.4199161799793223,0.018912654756989444,17.358954457423614,0.1307579102944101,0.7303055941058254,2.5588404422689255,0.054280154731407466,0.6922030929620441,0.6132852302131083,0.0005481860175109423,0.08376742816714178,10.635078058227373,22.19621982330683,10.659698530945034,22423655.119310006,3109.7858048080107,8000.0,8092.0,0.13850111737551296,0.2894926619583013,0.5346215991809369,0.718985235909527,3.860668673146898,7849.333333333333,8792.25,13.102016693314159,0.8927559308861023,4,12.938354411591591,-1.681427455308996
llama31_8b_base,xbrl_div_10,xbrl,3,0.3154153326245819,0.9641025776571174,2850.0,1.0161648508704577,11.107222884373172,62.195318888711256,422.9280051562395,11.795462329285812,0.6301117868279107,12.971803745494631,0.24485775696868003,0.7783895767935306,0.04149521941342308,1.5426849273614378,14.333333333333334,49.8563276510387,31.049937079103604,59.39173383302896,41.016204972716935,39.115210201118906,1.5421427732733957,13.666666666666666,30.12547082397431,170.81245025597522,144.2394877310543,999.4159583189536,141.28044334415281,49.097952982858914,163.66124279962727,95.06334270126247,35.41668664308503,0.2953347277915715,0.29479257370352935,0.4112437953424657,0.01927174966406185,2.4076584885212142,0.4922085715106945,0.9864829510193425,20.863917497217948,0.29815279604151507,0.5252312272195785,0.9203265255985401,0.0005012324015053352,0.0956250037545141,10.359442392065526,10.577945710373067,10.352406140305847,13229477.912886137,2758.2295484640313,3000.0,2867.6666666666665,0.09650830565061312,0.1826434603242566,0.3154153326245817,0.4203172854477876,3.2650843418448523,2850.0,3095.6666666666665,11.596034418858565,0.9206417572951437,3,11.476746203939467,-1.759577084954967
llama31_8b_base,xbrl_div_30,xbrl,3,0.36837257585334965,1.0278526904425875,2852.0,1.022168117381322,11.558084372070297,65.65964050356091,442.24996057138856,12.468431048696674,0.6383303142695999,13.442062245673688,0.2543912858375435,0.776561110170066,0.04553378188513946,1.5472482742561207,15.0,51.17138454772,32.54489601285048,61.282560616444236,43.4469905495346,41.655066140803704,1.5460058679195143,14.333333333333334,31.96908664423263,180.8039934109507,151.61136806361503,1092.0747427878828,148.73746412458763,50.56667039250899,169.3593348979112,98.78803443464102,36.476142304769745,0.29147163314545205,0.2902292268088463,0.4071737642876195,0.01959573444754951,3.5693999912826366,0.4957155676053971,0.9783565300789551,19.523224798829734,0.2822810004408162,0.524409601108087,0.916188424779885,0.0005023501920615285,0.09398456670061144,10.370430189543367,10.324344587874672,10.365070598510997,15347806.106019787,2939.5679440419663,3000.0,2867.6666666666665,0.09986111743372039,0.1979190712402871,0.36592021241235234,0.5070607241237818,3.681854113452219,2852.0,3094.0,11.595257481449035,0.9217840982546864,3,11.477758266443889,-1.778572611845031
llama31_8b_base,xbrl_tags,xbrl,3,0.37519380869338187,1.0382634391812184,2852.0,0.9857235614520808,11.374755554823333,64.52766599397609,426.00642683608567,13.018281437296038,0.6023044818430208,13.16950652610339,0.16939279290082973,0.7752181494081377,0.04464016045011737,1.5448748700803314,14.666666666666666,50.9429749977902,32.301301053884906,61.196086794363545,43.506429938637005,42.26481134635569,1.539310640459884,14.333333333333334,31.92789930517766,270.7822308751719,226.1182671376263,1331.7073535738648,221.8179391032517,50.492879065168445,166.58525693137855,97.673076782785,36.42291311376234,0.29816686060508274,0.29260263098463574,0.41031508234499664,0.019393367217006175,3.927892597480854,0.4436047239261535,0.9780398450540756,19.595965750341747,0.22591902342986028,0.5466992192163511,0.9174887218904435,0.0005125847430351291,0.0940885257848156,10.305213723633225,10.34454578484993,10.305881776096715,15700618.31238651,2972.436315473391,8000.0,2867.6666666666665,0.11844327984261054,0.21540304665466517,0.3743319109055164,0.48869227967113954,3.159386972618261,2852.0,3033.5,11.566767596032916,0.9401681226306247,4,11.477758266443889,-1.7458081749504515
mistral_7b_base,gsm8k_self,gsm8k,3,0.8302310167984422,0.7848841237122505,33190.0,1.3572366861238454,90.47403459054236,353.9590993933911,1511.4701242733754,38.780120137997535,1.0712067273367818,23.630768137615576,0.258288879894484,0.7850773155266139,0.1549310808253014,1.782471839962625,139.66666666666666,126.64584294190884,285.8180371686453,134.88706462816742,304.50955519573887,291.52776869755183,1.782756170535917,132.0,274.3337822235262,710.5184326350642,687.4989467971176,2519.26404792434,674.4459736321779,124.90044688236793,162.44761781605337,119.67836257174194,90.09662766100381,0.05472133052904985,0.055005661102341806,0.1135830564754105,0.12447987076291728,37.23641429569637,0.0010249705211555031,0.41204420346072856,-0.4056070266144404,0.09232339866429644,-0.04625517142906532,0.3936404949531755,0.000645562981106421,0.1453188967475242,12.664452033354001,32.23560189782301,12.655202261634537,34822412.74681774,25862.471257680172,7217.0,32953.0,0.2394921594053061,0.489747503263946,0.8302310167984425,1.0669198735513452,3.4710805746649647,33190.0,30219.22222222222,14.883178908662947,1.0983075525879409,3,15.018461008965662,-4.191752880524502
mistral_7b_base,kind_code,magicoder,3,0.8912459138685919,0.1656497501261097,105549.0,1.5934278505079398,120.35936509893902,433.6111191227874,1834.1824860772956,34.06219770680882,1.2547455146957947,28.164651465773275,0.4276922731393014,0.8795421052716179,0.08746374613651677,1.735910250217411,168.66666666666666,139.71362319094035,334.2933602248598,154.1216303915028,360.41416794601054,343.8144684284425,1.742648639571869,156.33333333333334,320.7853171432416,802.4406093668575,768.6352625338335,2605.9353722091314,752.4851419841183,138.16997223606668,258.17953741595187,195.50658289647572,99.66856687236958,0.0445853360733528,0.05132372542781035,0.15428381868198926,0.12229477892031249,47.68397063527747,-0.04732200686801321,0.3452212704999315,-1.9009623437686123,0.04288827215178761,0.3460429099587016,0.2298934096260423,0.0007834123732814771,0.14140785593919944,13.558771357399982,30.417356756674778,13.564574806512693,37381563.0152269,17225.67878246686,8000.0,104004.66666666667,0.3101889743338668,0.6017372720231052,0.8912459138685916,1.0677356911428084,2.8751181006273785,105549.0,94266.83333333333,16.524462644594518,1.1196833103194654,4,16.687553384700514,-4.48728689785474
mistral_7b_base,kind_dialogue,hh_rlhf,3,0.9130857421944342,0.2886647238563391,18476.333333333332,2.994328705597208,119.77400332717345,612.2646874850115,4267.237559051847,41.75920201436071,2.098666939868448,27.8763729860664,0.8248571368550346,0.900934041207024,0.32460991070862866,1.7978022915908072,179.66666666666666,151.1192703923197,358.87690500560893,159.21601181433877,372.83621142854264,337.8173538582634,1.7800235197358603,160.33333333333334,323.6046153976315,820.5171730024555,802.5472033117379,2862.493256308981,757.7277830107487,138.69579192360172,387.5166576077563,135.1151649429523,100.04786560017389,0.04309868835203671,0.025319916497089645,0.0917301184525064,0.2400606946094185,51.862533017032966,-0.008184840077426444,0.2744768200771203,-1.2086491476279282,0.04462377268278159,0.10560960657223566,0.352988271334522,0.0007712239589800308,0.1511168987541354,14.055964164700582,25.740749860758815,14.057312399155649,38297591.808290936,5912.762033019043,7998.0,20512.0,0.3469669766629911,0.6160105476435155,0.9130857421944363,1.121363720191836,2.628722549644198,18476.333333333332,17183.583333333336,14.068743296012551,1.0752316891606812,4,14.173390858885893,-4.536212226186723
mistral_7b_base,kind_instruct,alpaca,3,0.6433206134110627,0.6176277477482367,17183.666666666668,2.828089333837852,32.96530202005284,582.2315337555171,7157.687759964731,37.50288598734294,2.3546779065703354,26.99263850968045,2.5062757271753604,0.9295580037153219,0.5008273501445188,1.7316105172710163,161.33333333333334,133.38465570914042,318.09742282636836,156.90171091614215,361.79327247978125,237.9195759611655,1.607036297527774,102.0,202.25694414771738,808.0687938697534,751.6739553864313,2839.8438512248126,607.0574919105716,95.89143940574634,1387.1406827919193,768.0136157105838,69.17105204718739,0.2304412035371929,0.10586698379394995,0.22926191125289164,0.058470612246427245,41.758762636129234,0.35066862701402,0.44597563219155206,2.0345542937140735,0.0235464933917456,0.7346976942123521,0.34009917441010806,0.0007713297445292987,0.14015415453317884,13.600186338711081,18.84060521786441,13.662552258655277,26982822.221124742,9671.234115600058,8000.0,15686.0,0.1988772219178109,0.42962822312647936,0.6433206134110628,0.7567141530699503,3.2348362392149745,17183.666666666668,15726.666666666666,13.940925297405668,1.092645188639254,4,14.068750292474983,-2.1175293970998945
mistral_7b_base,kind_summary,xsum,3,0.6521526212375846,0.6058513120992538,7137.333333333333,2.1506802452225027,123.51089715547532,490.09323423710833,2576.4895571733678,44.350428658668385,1.5134823596243026,27.919188115907733,0.40561847850698274,0.9116530373423917,0.12124199045660751,1.584786306593915,165.66666666666666,136.1952769021477,326.3019819278395,143.5389883507689,338.695266370587,318.9606770772974,1.5702756765506383,155.33333333333334,307.52986848860394,762.7090745183172,746.7278958634937,2464.8661273574794,722.405665162189,128.73650464820426,233.46576198619206,102.5764227598105,92.86375841867165,0.032732039222184296,0.018221409178907615,0.09759677067404988,0.279726885214753,73.06325724214845,-0.03450131535981934,0.24089292967377504,-2.036273569692051,0.05796462547172526,0.34056576182719794,0.45769912923163586,0.0009357700334343152,0.13459720900102976,14.097396528830105,27.39609204917471,14.098827179021413,27353263.47867286,4077.6695316942037,8000.0,6732.0,0.2024991720896345,0.4601340650869333,0.6521526212375844,0.7531774272425357,3.2183372104604033,7137.333333333333,6654.333333333334,12.700078421141662,1.0725842809197013,4,12.801169436593838,-4.933152703979663
mistral_7b_base,panel_math,metamath,3,0.7367548234668488,0.5957544638730436,48132.333333333336,0.9949563950926424,77.53629268770153,317.21739667398475,1262.405602140004,26.63918635717538,0.7047914794577345,24.51245784065053,0.11623117015721424,0.8164242451709463,0.1434844324319369,1.7584088386885526,136.0,124.67771777729695,280.13806961421653,138.29556035888103,309.9508559301404,296.318114322964,1.7500941196489983,128.66666666666666,267.0743355707345,741.8314907159943,704.5219264417634,2486.7438115821806,688.826264732415,121.42716820611308,208.27442033748935,165.38002969304844,87.59118670007467,0.08499083258645752,0.07667611354690267,0.16723784833378239,0.08610539316939332,30.019698011186147,9.463669676024189e-05,0.46332151621593964,-0.48887135931569,0.0979318419711419,-0.10917026609282472,0.42689546018564456,0.0006402710346404139,0.13606802972012363,12.770986759694823,30.251337715419197,12.775616859046673,30901737.030862976,29552.71149832798,8000.0,49604.0,0.26742057241247663,0.47298049217892796,0.7367548234668488,0.9459387460062638,2.75480155983494,48132.333333333336,44929.666666666664,15.455380738091618,1.0712817811542485,3,15.554718742740722,-3.556548954351677
mistral_7b_base,sql_div_100,sql,3,0.40580570152857004,0.6762095631986514,11106.333333333334,1.1113910836478074,7.619058303989257,199.06119663022412,1627.3548357944076,36.72026393364175,0.9752774056202421,23.486436527561604,0.12322796555339699,0.8238902197170105,0.15515571406796888,1.3280191786725095,55.333333333333336,64.30224918274105,102.82750912951008,129.70721980515984,262.5316755778748,216.1512542464611,1.2988618259011675,45.0,84.20532502278037,683.3951672509173,467.2039553616045,2231.805448801864,438.75823926468246,59.33750420717808,993.8197710856093,1340.1835286592388,42.802961529211906,0.5386156751637995,0.5094583223924571,0.6569932223145792,0.008745560144640454,20.738310113413046,0.13718874887335772,0.832496807919776,2.696254950478435,0.1325308470702448,0.7504725569809367,0.6132852302131083,0.000987187614439395,0.1637038154969308,9.055286279805017,20.90012482153424,9.114282553915094,17020724.77144088,7702.844186823132,8000.0,11400.0,0.1637812789547711,0.2830189288311404,0.4058057015285701,0.4943526045567442,2.479819696561483,11106.333333333334,9606.5,13.229795184716462,1.1561269279480908,2,13.439094980711513,-0.8926718781335474
mistral_7b_base,sql_div_10,sql,3,0.3750096033195756,0.6696083418622226,11337.666666666666,1.1093890435683231,7.662583407405805,198.7596377131416,1605.658722676675,35.26757523003082,0.9736073641106486,22.912302718808892,0.12300705894814108,0.8221998214570888,0.14674137226514447,1.3376786703748411,56.0,65.24537569580573,104.63973475012114,129.06330379809984,259.1710861011277,217.1164564432016,1.2995856889584145,46.0,85.26157656249634,678.8391430208948,468.8399439351394,2231.0114992841695,440.4080969966738,59.60088240028782,978.3062159294519,1312.8755478114024,42.992948735750765,0.5378918121065521,0.49979883069012576,0.6482833039369086,0.008972340973142227,17.27647497635237,0.19130267500203849,0.8299050781457012,3.4011432172704503,0.16929593887978364,0.6337549235629877,0.6422133287150019,0.0009752377748994411,0.16233235989435213,9.143983700754259,21.037495737662514,9.205320828859277,15729042.792417087,7627.635322086058,8000.0,11400.0,0.15030487918607233,0.2649032955732759,0.3750096033195755,0.4573787800461475,2.4956424281692864,11337.666666666666,9802.333333333332,13.258909491822966,1.1566293739585813,2,13.468836138453733,-0.8946120667763884
mistral_7b_base,sql_div_25,sql,3,0.3870594163578436,0.6744409544400201,11067.666666666666,1.0955290816879522,7.936891259627717,197.7792359092031,1533.8216073609171,35.53229067637832,0.9558194535008321,22.7506145392594,0.09712452320033588,0.8259216261249124,0.13235763532911646,1.332584903859406,56.0,64.85303825342439,104.19405480797957,129.60461785095765,261.7959312864552,227.42405674594065,1.3054152880781411,48.333333333333336,89.87380811687717,682.8240206073614,469.1492346532655,2229.5224432723985,447.5213060865328,60.97163397232529,949.3047407358484,1255.0683042265953,43.98173698338538,0.5320622129868258,0.504892597205561,0.6526527713707394,0.008843745013567635,19.229612016100834,0.15081369353509086,0.8295328559451378,2.733696982474592,0.16850340347659173,0.6520857387062547,0.6276349726522149,0.0010262074475205095,0.1629175420361588,9.132729067909308,21.418606555967624,9.190910019423253,16234448.58267369,7682.038410939148,8000.0,11400.0,0.15859220741054553,0.27488249866259057,0.3870594163578436,0.473213953695295,2.4394768195791046,11067.666666666666,9586.166666666666,13.226738307769727,1.1545456126014917,2,13.434063478520626,-0.9103331478075757
mistral_7b_base,text_to_sql,sql,3,0.41540118069275267,0.6758480599491534,11106.333333333334,1.1113910836478074,7.619058303989257,199.06119663022412,1627.3548357944076,36.72026393364175,0.9752774056202421,23.486436527561604,0.12322796555339699,0.8238902197170105,0.15515571406796888,1.3280191786725095,55.333333333333336,64.30224918274105,102.82750912951008,129.70721980515984,262.5316755778748,216.1512542464611,1.2988618259011675,45.0,84.20532502278037,683.3951672509173,467.2039553616045,2231.805448801864,438.75823926468246,59.33750420717808,993.8197710856093,1340.1835286592388,42.802961529211906,0.5386156751637995,0.5094583223924571,0.6569932223145792,0.008745560144640454,20.738310113413046,0.13718874887335772,0.832496807919776,2.696254950478435,0.1325308470702448,0.7504725569809367,0.6132852302131083,0.0009930419648254453,0.16268045327082598,9.055286279805017,20.90012482153424,9.114282553915094,17423188.337843355,7698.077870660134,8000.0,11400.0,0.16458731294754791,0.28918448834658933,0.4154011806927527,0.502139404914942,2.525700841532799,11106.333333333334,8792.25,13.102016693314159,1.2631958069132854,4,13.439094980711513,-0.8926718781335474
mistral_7b_base,xbrl_div_10,xbrl,3,0.2603208274649482,1.6711799428618346,3587.0,1.7722585483764608,6.708939345776095,153.33744105773675,5357.709928816366,12.698617820144525,1.347088934853673,10.267290715308086,0.13098000870037738,0.744632632198941,0.025552862569546624,1.4113442598704709,11.333333333333334,42.16461005526048,23.09927406691533,56.91554888912162,38.56513719793552,37.26361935815285,1.3992543087905185,11.0,22.504340917565752,162.2708190128375,123.84087345381015,1500.7857074448466,122.46142964392281,41.62997639956337,2912.9429439732376,1517.5897699903542,30.02968025198733,0.4382231922744484,0.42613324119449625,0.5599494822181926,0.011606419801305154,2.461857572932399,0.4693614242091115,0.9890079118622355,18.870136625513908,0.2948273246313697,0.5285662785580318,0.9203265255985401,0.0008834911029350408,0.18594190757067156,9.414022928540001,13.558663213297637,9.403989246161602,10918646.879195424,6006.667782621983,3000.0,3598.3333333333335,0.10751688789845765,0.17633993646647536,0.2603208274649483,0.3436722822565828,2.4215643643522693,3587.0,3095.6666666666665,11.596034418858565,1.1587164854097125,3,11.808562029957525,-1.190262256168708
mistral_7b_base,xbrl_div_18,xbrl,3,0.2940063682441318,1.7160020093327708,3581.0,1.7670776988379657,6.641444588669195,156.00138057048682,5467.150161832139,13.318094725488384,1.339898857132842,10.472682010830638,0.12497388413456856,0.7430889321685245,0.0263514170526979,1.4131989730641388,11.333333333333334,42.10601097545565,22.845848833721135,56.8211179437968,38.19770595985023,36.59727118986783,1.3970579194188897,10.666666666666666,21.89436600071816,165.2130822819051,124.89265201105594,1567.4936829144197,122.8050746566931,41.25418155061052,2986.8461224346065,1539.1875297230129,29.758601569499387,0.44041958164607675,0.42427852800082805,0.5602134695033736,0.01164182997041017,3.3475205500172844,0.4723558332364151,0.9868694685372552,17.678298115371,0.3008053643368141,0.5342964301304823,0.9187041965648297,0.0008642810440575543,0.1823019676562807,9.439113486695147,13.473510376859496,9.428291054697189,12331520.863518348,6174.55876348096,3000.0,3598.3333333333335,0.10904844737211944,0.18864182172526422,0.2940063682441318,0.3927586904273492,2.7022403149736447,3581.0,3218.0,11.651948610723446,1.1128029832193909,2,11.806146803320525,-1.183049480400035
mistral_7b_base,xbrl_div_30,xbrl,3,0.3177770791024784,1.7391595765079435,3578.0,1.7630440473246078,6.761570599251506,162.6719034130634,5464.316091495045,13.25243777475795,1.3434273186915864,10.501341579370544,0.1364971172740419,0.744267291754107,0.0282155982083368,1.4110706557965473,11.333333333333334,42.79353739573634,23.695268952356155,58.43477509002448,40.449117072595875,39.13936525051067,1.396977115195415,11.333333333333334,23.133809451850322,172.18651118798877,129.14821014704918,1603.0969036858871,127.83367264921259,42.24123537734052,2973.6141054071218,1558.3674689807692,30.470610399956303,0.4405003858695517,0.4264068452684197,0.5613546456118624,0.01157340235017741,3.542298355941174,0.4467378409605846,0.9838333317087393,18.453411703230795,0.30842671878948974,0.5126047694056453,0.916188424779885,0.0008763115074495931,0.183980430810321,9.372269682183193,13.40864780861782,9.360771741643612,13304928.611793017,6253.437023106802,3000.0,3598.3333333333335,0.10905392856904735,0.1871139917390531,0.3172142174671415,0.4259781465194072,2.9038415974042735,3578.0,3094.0,11.595257481449035,1.1564318034906271,3,11.804937672051908,-1.1827848119690405
mistral_7b_base,xbrl_tags,xbrl,3,0.3707638663242305,1.747493124279148,3578.0,1.74808049077789,6.688685253946448,161.88250027040323,5409.771166464693,13.535055276970718,1.3284249784580122,10.470091017587448,0.12895126157288253,0.7441406624997656,0.027612211363551215,1.4087754239218437,11.333333333333334,42.59826503973064,23.424027465492387,58.24774851773389,40.094990845650365,39.05696001335963,1.3936521532910173,11.333333333333334,22.877494134260402,255.72772038501446,191.1021020865551,1862.1381261448466,189.0472842884683,42.03247054103277,2968.1756753826835,1551.408687232956,30.32001840292971,0.4438253477739498,0.428702077143123,0.5647295469964644,0.011477075385606543,3.826813014387856,0.4500951019028164,0.9850545452528933,17.982116825972522,0.25301609169276673,0.5389062570826278,0.9174887218904435,0.0008937391343125267,0.18204722081121963,9.405361175230476,13.505768779663514,9.395892387421485,15543977.687770732,6286.198951766392,8000.0,3598.3333333333335,0.12324321331833626,0.2104174871507032,0.37059730739046887,0.45981594702274814,2.997956674788037,3578.0,3033.5,11.566767596032916,1.179495632108126,4,11.804937672051908,-1.1719360297330448
mistral_7b_base,behav_numbered_broad,metamath,3,0.72294926217242,0.6321319307367538,54594.666666666664,1.128721659801736,74.55073105242944,308.0806149552434,1206.4216990122356,26.88637357570153,0.8219446693078365,24.0663040524215,0.17790028407274594,0.812288728932225,0.07541581285528665,1.7564317662277524,137.66666666666666,123.49623631372587,280.0577359355895,137.3913235751809,310.96006256588527,296.2302029437951,1.7464711973944897,129.66666666666666,266.4862437006891,742.6462951757777,703.9644105511703,2474.4411196321007,687.6496550798229,119.95232229366972,204.30463807502522,165.20833553758996,86.527310258096,0.08861375484096579,0.07865318600770281,0.1730969994010446,0.08451246289476695,30.492079362336,0.014829451778524053,0.46792138757943597,-0.619161725758552,0.07030022258574503,-0.05039818684782212,0.43780876410883646,0.0006676000103243181,0.13782492840023083,12.646066137433962,30.97657785860424,12.64865625928781,32603006.803602505,29619.946408371605,8000.0,56313.0,0.3122180595743935,0.5157714158365408,0.7773162556553485,0.9713002118733337,2.490847723760248,54594.666666666664,54594.666666666664,15.736472401218945,1.0,1,15.736472401218945,-3.4963255350051545
mistral_7b_base,behav_numbered_narrow,metamath,3,0.6894029689429493,0.6103909219641978,54594.666666666664,1.1344199801484744,74.88474497385094,305.3329969608126,1196.8927201912877,27.319840128831,0.8292597058267953,23.85202766413084,0.17080206702781608,0.8092299376002986,0.07519184809350234,1.7596790192279261,135.33333333333334,123.20015411506381,277.1158029813558,136.9365078420948,307.84115358976504,292.8391774032266,1.75096857918078,127.66666666666667,263.537575015692,734.8226845997286,696.3899518944257,2465.220524105285,680.0897199769694,119.88175792599993,201.0679789375914,163.20519661202943,86.47640882644565,0.08650892188418673,0.07779848183704097,0.1724999490634794,0.08591060730191376,22.571124429366744,0.01917385029153011,0.476165919775275,-0.33790881093616587,0.04486609571034053,-0.22704325834979136,0.46864768250191746,0.0006801462337748075,0.13830600732219073,12.669565795953176,30.98264109937836,12.671093960886884,31058707.57580399,28390.170007296547,8000.0,56313.0,0.31788614942107857,0.49852503650239693,0.740497292895412,0.914091458109009,2.329308577867557,54594.666666666664,54594.666666666664,15.736472401218945,1.0,1,15.736472401218945,-3.531007260559344
mistral_7b_base,behav_plain_broad,metamath,3,0.7356339443299124,0.5968733817279004,48132.333333333336,0.9949563950926424,77.53629268770153,317.21739667398475,1262.405602140004,26.63918635717538,0.7047914794577345,24.51245784065053,0.11623117015721424,0.8164242451709463,0.1434844324319369,1.7584088386885526,136.0,124.67771777729695,280.13806961421653,138.29556035888103,309.9508559301404,296.318114322964,1.7500941196489983,128.66666666666666,267.0743355707345,741.8314907159943,704.5219264417634,2486.7438115821806,688.826264732415,121.42716820611308,208.27442033748935,165.38002969304844,87.59118670007467,0.08499083258645752,0.07667611354690267,0.16723784833378239,0.08610539316939332,30.019698011186147,9.463669676024189e-05,0.46332151621593964,-0.48887135931569,0.0979318419711419,-0.10917026609282472,0.42689546018564456,0.0006289607074418502,0.1339683782954473,12.770986759694823,30.251337715419197,12.775616859046673,30854723.95238729,29609.086424419274,8000.0,49604.0,0.27012962825960063,0.47579977184135563,0.7356339443299124,0.9380634499038981,2.724518060478497,48132.333333333336,48132.333333333336,15.554718742740722,1.0,1,15.554718742740722,-3.556548954351677
mistral_7b_base,behav_plain_narrow,metamath,3,0.683607076572487,0.5686283163995701,48132.333333333336,0.9977098065428436,75.78312901772797,319.20084640770915,1288.5059477940897,26.273219280076816,0.7059542424006698,25.226012910720414,0.11686327792657152,0.8137423030309844,0.1371955152525941,1.7613372068650737,134.66666666666666,125.15926141403212,279.55358710301306,138.9092004679741,309.5581546688862,294.8439865391385,1.7480590859390432,127.0,265.10287255170334,737.6062385407107,700.0704089432393,2486.482943499712,682.4614236100268,120.98126878942908,216.0884091803745,170.82936714698147,87.26953826148203,0.08941841512592348,0.07614029419989321,0.16849648630401068,0.08657912844697363,24.331627967856225,0.01378403064812661,0.46643448636170515,-0.3092052893028246,0.04630894982654793,-0.08791452988018578,0.4604073329930176,0.000654205463749472,0.13378388218462356,12.751407733265347,30.23334490232229,12.756809253807115,28672558.956962895,28205.201090018858,8000.0,49604.0,0.26373263107573464,0.4503168905280652,0.6836070765724872,0.8592123795063039,2.5921456765627546,48132.333333333336,48132.333333333336,15.554718742740722,1.0,1,15.554718742740722,-3.48328421435082
mistral_7b_base,behav_preamble_broad,metamath,3,0.7530075338785348,0.6133916235914206,51452.333333333336,1.3787658677570327,75.47555996282001,324.14753518844464,1374.091006084046,27.331062143192536,1.0219554062149019,23.97649023155449,0.18353626933276032,0.8058696708847641,0.07025617232784838,1.760928942381856,131.0,121.73691245781488,270.306108612057,134.63312799579265,300.154287535849,287.2196417856141,1.7560600707814082,124.0,258.5742634878375,729.4464888705661,692.3701474275376,2496.703199588196,678.3312301481948,118.90805717079718,226.39726672373146,161.13883848911686,85.77403220102524,0.079024881454047,0.07415600985359916,0.16894775705026455,0.090711623591805,28.013296671478496,0.018801768124575347,0.47450664428985384,-0.27535835801400094,0.10496082735749761,-0.47115325037628414,0.4903836680569335,0.0007125174322301989,0.13535556366997248,12.715787728883889,31.202855330095684,12.710828073464796,32467771.191461723,29499.67852533888,8000.0,52932.333333333336,0.3854499250246808,0.544105283948102,0.7740919874062948,0.9607758654195173,2.0079977396583004,51452.333333333336,51452.333333333336,15.650948883531628,1.0,1,15.650948883531628,-3.6615492238434553
mistral_7b_base,behav_preamble_narrow,metamath,3,0.7270477690599385,0.5917308620385565,51452.333333333336,1.3686126307584345,77.52349393864232,323.98829605205236,1364.9356179454865,27.993739582831882,1.0123885649566848,24.443986149453064,0.18668846047099166,0.8022078426549045,0.06838538405564429,1.7651853801254804,129.66666666666666,122.20502774883998,269.5072541634276,134.9245336416906,298.9402635829322,286.293007814606,1.7623013426797407,123.33333333333333,258.39890331558223,724.3133612135598,687.8092989739584,2492.0834115709167,674.5657640517089,119.8310968535316,221.1523505173985,157.15048658658216,86.43986458743755,0.07517615838522647,0.0722921209394863,0.16713548783042428,0.09316110522239018,21.929070627680108,0.007162397261281502,0.47912792200416926,-0.15959175579854212,0.04748347587986502,-3.0400082600137863,0.5193821296264736,0.0007121805810658159,0.13496073480215276,12.747013761514737,31.43311296031888,12.741326556284633,31317225.642210376,28351.356594560377,8000.0,52932.333333333336,0.3839775283081633,0.5342568572518652,0.7466608439018816,0.9039956682885436,1.9448152067377815,51452.333333333336,51452.333333333336,15.650948883531628,1.0,1,15.650948883531628,-3.733580996396851
qwen25_7b_base,cot_math,metamath,16,0.39709514329020046,0.07462585780901061,45156.625,0.31635017650454905,52.071232542724935,114.67118643133975,327.36092550473376,19.544284152939497,0.25613703286567413,19.801096271953583,0.05276849639383195,0.7381343406342781,2.9254594077831935,1.691141821696263,80.0,97.27542789076477,176.5202901841743,101.11075586017895,183.88144218618572,152.11405581758356,1.7050987499032417,67.125,150.02738671059063,862.9349933801177,840.9683620316442,1938.781688821446,723.8642000354447,90.1994293239691,8.748786668623325,28.249662978922956,65.06513468835239,0.12968713372852483,0.14364406193550344,0.12068362457908954,0.11275851766515013,20.346720622074532,0.046619238495206106,0.5778480750104696,3.375873941210931,-0.18484975419900107,1.0479992051064375,0.42987404194384254,0.00024248358082397988,0.06639120833754397,11.171720583003959,25.284967447797744,11.171997521068533,16030800.823370615,3470.6468936807346,32000.0,46481.5,0.14957276075028314,0.24525911213452226,0.3970951432902005,0.5468316456640065,2.7083499865150245,45156.625,44927.65277777778,15.455316070515703,1.0050964652739542,3,15.462650042858852,-2.94689273809494
qwen25_7b_base,gsm8k_self,gsm8k,3,1.020526276442425,0.31494209509380927,31430.333333333332,0.7129209843503,65.47545823707584,194.6931442395817,646.6115338206806,32.35357793490923,0.6126047025075726,23.9152545456047,0.1316183076479993,0.7362246401873512,0.24132782680622,1.7635927819458503,110.33333333333333,112.89919572186137,234.066811877883,121.2819532117886,256.08173863434143,230.9375460061851,1.764460821689272,99.0,213.54815644092105,652.3137537361836,625.7737601146376,2209.143654725577,599.9453415606263,109.9402219279314,73.02017414153498,149.69512829787038,79.30510648482935,0.07301667937569441,0.07388471911911698,0.12962502402444726,0.09509670610810274,25.420603124487474,0.005603422177222095,0.5016520766294095,-0.014361886620794267,0.10286118674059791,-0.11381612304559803,0.3936404949531755,0.0003251025257768513,0.06571385093080852,11.957960739563449,31.741570214563364,11.94976133636879,41198825.39260535,9821.070449148914,7217.0,31185.666666666668,0.42120426308272735,0.719917900646789,1.020526276442425,1.322035781102883,2.423853923328348,31430.333333333332,30219.22222222222,14.883178908662947,1.0400775076937785,3,14.939869952220535,-3.775630129837182
qwen25_7b_base,kind_code,magicoder,6,0.6636677805530585,0.08925196587283335,90635.0,1.9153087538253208,78.37222172473554,311.5785285667117,1495.8684013098257,25.228515679949876,1.5398381525091194,28.576491809836337,0.44000288757832734,0.7516402781769987,0.1569158359440214,1.7509414420383473,110.66666666666667,115.62234280565421,237.32070713379812,119.2992051987822,247.79385562440146,226.13457102117096,1.750045117403663,100.0,218.95142242806094,662.348185816159,649.9705291936389,2413.461878297281,626.7026887671688,112.39632644094378,91.42088705587373,67.03733923881475,81.07681138524335,0.04197395590058169,0.04107763126589751,0.07252255192309132,0.16719683133852867,35.9065820456022,-0.010013722891413076,0.39170770446543995,-0.5454287316879053,0.10087315710754645,0.24840708028138736,0.22989340962604224,0.0002500797257427424,0.07621036287092826,12.744144582242106,30.89576881629198,12.743419665928288,26792385.106456324,7908.752080536254,8000.0,88686.33333333333,0.35769228506906425,0.49684005940198356,0.6636677805530579,0.847187894384016,1.8549662351543672,90635.0,94266.83333333333,16.524462644594518,0.9614728403945538,4,16.467780654717462,-4.574361751111231
qwen25_7b_base,kind_dialogue,hh_rlhf,6,1.1801944600286196,0.22503209443410896,16782.666666666668,2.969776538256355,70.8242813043351,490.3239950691218,4532.326269020111,24.99639908078377,2.0851403649474958,27.95610945278526,0.8398865165809367,0.7727118691198879,1.3734279145261006,1.7902355730261312,115.66666666666667,121.03221515967523,250.294624572722,122.36079034600111,253.88778703227786,205.63603041104457,1.772719399778116,87.33333333333333,201.70117083274081,671.8978585186064,668.0089270877382,2705.88741611068,609.2174156784483,109.54449119564048,149.61342284483717,51.472209385225874,79.01964710232761,0.05279535713929229,0.0352791838912776,0.03167191324424253,0.1950954686333999,29.24404184883865,0.019855509908702256,0.36699132575928783,-0.5322355547944274,0.0720861175483664,0.058685128607096355,0.352988271334522,0.00022993564925434732,0.06898143243763209,12.891056334316415,25.17356059171816,12.889490811538886,46733719.386157066,4163.961218347328,7998.0,18611.333333333332,0.3732389342582824,0.706404210091755,1.157629815291295,1.4457564726515317,3.1011603139022887,16782.666666666668,17183.583333333336,14.068743296012551,0.9766686226679534,4,14.034684349267106,-4.243445126225722
qwen25_7b_base,kind_instruct,alpaca,6,0.7741610807841622,0.1812554959979988,15294.666666666666,1.88056976373385,63.30754740637912,436.60643798078655,3575.1359130613164,22.57128848757601,1.4185789349818758,27.63823151908248,1.1600102266086094,0.815125295140123,1.4384815930940686,1.8074553403225935,131.66666666666666,129.66050530029713,279.8312796338241,130.76015158597616,282.40277462052853,197.26508693843275,1.7644159716986623,84.66666666666667,194.53566841262332,708.0090754484232,705.2929696767195,2640.6122747646136,598.5104854919917,107.3257629048984,96.18891694631314,58.63843202235105,77.41917295126078,0.07306152936630454,0.030022160742373256,0.026653821146001334,0.22378890662383807,28.0621845763669,0.04325619118828542,0.362597419799424,-1.0122864446732416,0.02586159074701262,0.17349925435648827,0.34009917441010806,0.00024798625420617933,0.07608329149265125,13.143343140402783,23.96205218075185,13.139676862468756,31253019.08360688,2538.377208220398,8000.0,14011.666666666666,0.20068778535508905,0.41961966930235595,0.7741610807841629,1.0711304043360756,3.8556565213301597,15294.666666666666,15726.666666666666,13.940925297405668,0.9725307333615939,4,13.900741044563427,-3.774744236429431
qwen25_7b_base,kind_summary,xsum,6,0.3893794209944484,0.4940799259657074,6524.666666666667,2.407169469803026,87.5258700191821,420.9268101269899,2544.877765302559,30.19596445248585,1.8617066654567325,28.10138926339384,0.4920949515629068,0.7809135787283173,0.8795860231001642,1.653070170400903,127.0,119.76263315518462,264.57915588191526,121.70069770886808,268.9193705169948,248.0158553666311,1.644511647829292,114.66666666666667,243.48819401863886,679.2079001959464,674.2595654660992,2459.9629035697963,648.3723366315451,113.6926108430332,100.58602840594456,51.478145234621145,82.01188292448138,0.03505763048790422,0.026499107916293358,0.03949052075772926,0.22910046821027655,41.155891596419586,-0.009241259058240395,0.3331400467006365,-0.6981779691953358,0.09020823124481198,0.18409411657098243,0.45769912923163586,0.00025230171206099553,0.06697771417246036,13.149668537516064,24.697269831968175,13.149931743434491,15719315.756323999,3066.6086825004954,8000.0,6210.0,0.10679139964332228,0.18357217868380307,0.38937942099444894,0.64015973527103,3.652397863668558,6524.666666666667,6654.333333333334,12.700078421141662,0.9805139508089966,4,12.671688483565934,-4.834127700775771
qwen25_7b_base,panel_math,metamath,6,0.41178670710389415,0.09197273377343929,45162.666666666664,0.40321393030535546,68.25370231488694,145.7379341340234,411.0019946485384,21.23838378402183,0.3252028467929146,25.1258805250999,0.06654692937429418,0.7361401846458601,1.7466694964476357,1.7867755832433174,99.66666666666667,113.5198029422504,220.57137339812016,114.39369346372204,223.03132181639344,194.87181853820644,1.7818631212083798,85.33333333333333,192.34616984224104,635.3097830994855,632.7789553776778,2062.597161692389,589.9001524910301,108.99231787269156,10.548624872952425,26.61006681549465,78.62133824496283,0.05561437985658765,0.05070191782164953,0.02447287907508297,0.14188714312735978,20.290300656778484,0.018501458708208556,0.475266849362979,0.49076826746375257,0.09044383557301994,0.8506855592419981,0.42689546018564456,0.00023236033339088988,0.06795029565056245,12.40247579820677,30.533854019750862,12.401618212215554,16623901.840244645,4278.316164070143,8000.0,46559.0,0.1336948090000825,0.24283761028366369,0.4117867071038938,0.5577924955945036,3.0783640362397553,45162.666666666664,44929.666666666664,15.455380738091618,1.0051858831210263,3,15.462843053286432,-4.168398230108164
qwen25_7b_base,sql_div_100,sql,3,0.5996135318931873,0.26304155668184487,8106.666666666667,0.5428899273004694,30.691486224319757,153.81060170406042,678.0787428257912,22.258084908072505,0.42563907692480524,23.661839668217812,0.06939502199937796,0.7488438551882538,0.3841107611122631,1.620803670931051,61.333333333333336,87.37063057518753,134.5001740515901,109.00106719839323,185.20063372513718,159.45025809904834,1.6512768880690836,55.0,123.1514180520901,578.6952061034484,506.6614143166492,2027.581880734354,481.56857676744806,86.41905138323352,184.56964398943026,252.67392767909413,62.33816843445976,0.18620061299588322,0.21667383013391595,0.3226294301803278,0.026750051719046028,14.762030189257274,0.04244403128129959,0.7017533650823657,0.4645118254038479,0.11849701580984466,1.1885050917508913,0.6132852302131083,0.00032399379851359494,0.04300776586545992,11.005299499033363,25.487854426149642,11.007626821555135,24206503.814509552,2195.7096103346917,8000.0,8354.0,0.1188229997256806,0.26545783056081085,0.5996135318931864,0.8377922421645319,5.046777378797805,8106.666666666667,9606.5,13.229795184716462,0.8438730720519093,2,12.98489310760979,-2.4250702724489526
qwen25_7b_base,sql_div_10,sql,3,0.5837010484948503,0.24972457181627483,8267.0,0.5478318274059953,31.550644622439744,156.25113813408487,679.4108008122062,21.47799130488919,0.4290899754560087,24.17811546209035,0.0699932079627864,0.746774177522821,0.40499039634840267,1.6344967936045858,62.333333333333336,89.04791178658301,137.32228934074254,109.66157519642987,184.7636164369783,161.29628447128118,1.6542464740756886,56.666666666666664,125.80776512976836,577.5187467060272,509.67099556312456,2034.093209589442,485.55565192008004,87.59875178745519,180.92054217542443,244.30836848263675,63.18914239591242,0.18323102698927837,0.2029807074603811,0.30887865405441645,0.028890889625886883,13.137452618727801,0.03343601898675882,0.6962158265063273,0.5140906230315901,0.13330443568118092,1.051984422610397,0.6422133287150019,0.0003336156038350885,0.04338605556858438,11.111420141378195,25.780937213709432,11.112594560921508,23564114.05912165,2085.1201886746785,8000.0,8354.0,0.11500711230528461,0.2574632278107165,0.5837010484948505,0.827094868886281,5.075084844371115,8267.0,9802.333333333332,13.258909491822966,0.8433706260414188,2,13.01314817145476,-2.448264275440074
qwen25_7b_base,sql_div_25,sql,3,0.6111430273430632,0.2574560842002447,8104.666666666667,0.5581674075316793,31.133542336763288,153.5483578132567,660.187692713739,21.593131746064454,0.43751425114654313,23.98664349124907,0.08449751295264134,0.7490154221867131,0.3762889656224629,1.6253105972200395,61.333333333333336,88.0027854756309,135.6030765936039,109.40288482711965,185.57554411939608,161.8426769295298,1.6506963571066924,56.333333333333336,125.64986631327035,580.1939281965718,508.99470321661755,2027.1897904385712,485.45118754081915,87.47682511274816,178.53762054863986,239.6711576944708,63.10119089143647,0.18678114395827472,0.2121669038449269,0.3190981338467315,0.027298555242902006,12.829633369172909,0.03966637102468743,0.7018205031180673,0.7065554100998422,0.09086890875357673,0.9275908151413818,0.6276349726522149,0.00032745114452146346,0.04229557878547255,11.047386350081654,26.20584380230845,11.047737223654723,24671951.57501227,2150.0651726763767,8000.0,8354.0,0.11891032829789805,0.273862741397401,0.6111430273430632,0.8488635357691137,5.1499286461867095,8104.666666666667,9586.166666666666,13.226738307769727,0.8454543873985083,2,12.98453713564412,-2.4205792763011074
qwen25_7b_base,text_to_sql,sql,3,0.6026989043759888,0.26342724103016507,8106.666666666667,0.5428899273004694,30.691486224319757,153.81060170406042,678.0787428257912,22.258084908072505,0.42563907692480524,23.661839668217812,0.06939502199937796,0.7488438551882538,0.3841107611122631,1.620803670931051,61.333333333333336,87.37063057518753,134.5001740515901,109.00106719839323,185.20063372513718,159.45025809904834,1.6512768880690836,55.0,123.1514180520901,578.6952061034484,506.6614143166492,2027.581880734354,481.56857676744806,86.41905138323352,184.56964398943026,252.67392767909413,62.33816843445976,0.18620061299588322,0.21667383013391595,0.3226294301803278,0.026750051719046028,14.762030189257274,0.04244403128129959,0.7017533650823657,0.4645118254038479,0.11849701580984466,1.1885050917508913,0.6132852302131083,0.0003209525071369127,0.04338284302309201,11.005299499033363,25.487854426149642,11.007626821555135,24331060.84466581,2198.8818337480116,8000.0,8354.0,0.11829563998308905,0.2668270261373537,0.6026989043759882,0.8442877154335647,5.094710291684628,8106.666666666667,8792.25,13.102016693314159,0.9220241311003061,4,12.98489310760979,-2.4250702724489526
qwen25_7b_base,xbrl_div_10,xbrl,3,0.3969269887857327,0.6161989944262594,2850.0,0.6658826292841695,9.126591586566612,89.75485339101219,1713.2713986652172,8.191119316173639,0.5332815031239685,10.378087579762365,0.21632243556114072,0.7321147861598062,0.18062716277122645,1.6241322217389225,12.0,46.54169405075762,26.95998898392222,47.20227311606606,27.579257650253243,22.92655545845688,1.5233406773923657,10.333333333333334,22.496571616219082,123.17150078071843,120.23438401300643,1056.2295562644833,109.86729104646993,41.93080554211775,259.6729683015404,307.54917882440054,30.246682608046374,0.3141368236726014,0.21334527932604477,0.1670205915892801,0.032621009850488845,2.3529198323746745,0.35347147625140324,0.9940855224763908,11.754401683590691,0.22191397488624998,0.5342866268839744,0.9203265255985401,0.0003098198999907761,0.02873241259080762,9.469743318649831,9.638722992342013,9.503833283871975,16024012.396430055,1760.017044475427,3000.0,2867.6666666666665,0.14885728392615777,0.2566979470275709,0.39692698878573274,0.4940515993679863,2.666975151129592,2850.0,3095.6666666666665,11.596034418858565,0.9206417572951437,3,11.476746203939467,-1.6705350267271404
qwen25_7b_base,xbrl_div_18,xbrl,3,0.4430184704073699,0.663472782229793,2855.0,0.676305120830269,9.285278485963545,89.63940244044825,1697.5980440411731,8.813593433920964,0.5424596603940396,10.640048189290074,0.1588282719606291,0.7306257649574798,0.1822241413928963,1.6315845465479863,12.0,46.596237846755606,26.766012154899443,47.18420891589245,27.303648348509636,22.58740068949528,1.5363219733715179,10.0,22.17015880024462,124.35964594834513,121.25430331106473,1131.6848473985365,110.59932466874015,41.74694754977446,258.14289940261574,303.9620772406466,30.11405710115564,0.30115552769344894,0.20589295451698097,0.1642199372033796,0.033953022829349366,3.13682967202964,0.3536549693040216,0.990455503473668,11.562402194272215,0.22962480668743482,0.5107516071553196,0.9187041965648297,0.00031890583210907383,0.028730577519932073,9.474556570113238,9.660100545039686,9.506878751430255,17884733.621596318,1900.1835287266365,3000.0,2867.6666666666665,0.15374320683933398,0.27986817051778984,0.44301847040737,0.5751927372156417,2.8779255659327343,2855.0,3218.0,11.651948610723446,0.887197016780609,2,11.479275030250205,-1.7314193551338564
qwen25_7b_base,xbrl_div_30,xbrl,3,0.469200603327846,0.6884740764597154,2852.0,0.6836750924994703,9.014034832743226,95.09970235617176,1838.7493152089064,8.400315617815624,0.552721975252401,10.607496212245813,0.21685304955930226,0.7324087733931512,0.1912271589414876,1.6261986446898054,12.0,47.21581565512014,27.435804411288455,48.02713883932304,28.198591485884844,23.931463491358432,1.5135128219475023,10.666666666666666,23.242273974295898,127.39403964766989,123.95164575566524,1164.4521229195877,113.72798581846648,42.67958313786419,283.42116834751715,337.8781446707847,30.786811470102446,0.3239646791174648,0.2112788563751616,0.16696212586795148,0.032745459126422044,3.236300390475232,0.35037784955162765,0.9867126321654744,12.207851168605707,0.22164917159211472,0.5100307587091939,0.916188424779885,0.0003169611540097005,0.0298611656124254,9.460644681105522,9.241322541338091,9.503046379112481,18861014.490396116,1967.7887950355887,3000.0,2867.6666666666665,0.15127025394821317,0.2739557469485619,0.4672016909313479,0.6563195143044109,3.0842569815751335,2852.0,3094.0,11.595257481449035,0.9217840982546864,3,11.477758266443889,-1.6260915658510116
qwen25_7b_base,xbrl_tags,xbrl,3,0.47436020446021815,0.7009649898312617,2852.0,0.6473642947288075,9.592034924440874,93.52171381034888,1674.2216675584314,8.811028040168656,0.5198590925695802,10.516444198650381,0.15656566847249562,0.7320768678727961,0.19484473711652425,1.6272779465118443,12.0,47.23885383754424,27.478521827641696,47.928650602568126,28.14847197472979,24.47373462504841,1.5298909779410008,11.0,23.840992157924585,184.7351767000395,178.51964395608968,1396.6891122016243,165.9497979144218,43.34079343014454,250.21268226806242,302.0373169647053,31.263773874931243,0.30758652312396606,0.21019955455312256,0.1617648513244731,0.03298875350340609,3.2955560182109687,0.3493462855105169,0.9869092180404011,12.171929676568729,0.10245421427416994,0.5295692621758955,0.9174887218904435,0.0003034402721732599,0.02918596913458797,9.428649225658788,9.701808096053126,9.463200288706624,19108113.810050517,2005.7893424748356,8000.0,2867.6666666666665,0.16692154794688285,0.2941949841257656,0.47332252923669493,0.5972175085876045,2.836826297432055,2852.0,3033.5,11.566767596032916,0.9401681226306247,4,11.477758266443889,-1.7009358017571994
qwen3_8b_base,kind_code,magicoder,3,0.8523414307666529,0.11725123248961629,90635.0,1.7526341708465762,35.3899258299477,157.2619904012266,1035.959198761564,15.895504553122828,1.3379470380465588,28.593835086358045,0.42140581299592617,0.7012066759024069,0.5221619224031114,1.7040513972285674,30.0,78.99944815727588,75.58503792150363,83.06026027098892,83.4623720096578,77.5879672985111,1.7057410869726546,29.0,71.68038202566875,421.7014317625432,402.5623353061971,1989.2743764038307,389.3536375984592,77.66743257235176,118.21915063432276,78.48831854016159,56.02520990535492,0.08627798633159012,0.08796767607567779,0.12703666663845495,0.08035645065529415,23.643317901646572,0.0012211970806412047,0.5343266264513347,-0.040425316434122734,0.08008706152066151,1.1342235680802528,0.2298934096260423,0.0002219489298313392,0.056897570027978656,11.325645328496833,30.683328986371468,11.32739573497374,36063767.21514697,10338.497221909603,8000.0,88686.33333333333,0.22514815442037728,0.4564733130152255,0.8262603854880338,1.2081415305243794,3.6789976753378397,90635.0,94266.83333333333,16.524462644594518,0.9614728403945538,4,16.467780654717462,-3.534863684385888
qwen3_8b_base,kind_dialogue,hh_rlhf,3,1.0796848342216252,0.2839015051879675,16782.666666666668,3.014718977418102,31.03498776280772,241.41584200313034,3362.0792164562968,24.01846884478398,2.0862416217102013,27.939204453203512,0.9175403340974014,0.7023347395489372,2.6732472517734096,1.7508100333902572,28.333333333333332,78.60282784646533,69.2311707898442,79.81246983362578,71.35929404786992,62.85906669232946,1.7261318272260777,27.0,60.95485835949961,398.1332884091551,391.51167495827855,2247.0969642203977,350.71978342671053,73.3447070519769,193.7390884509067,64.0016056246192,52.90702256967044,0.09938292969133111,0.07470472352715118,0.053113407701906847,0.10022260833812041,19.988334554100224,0.014460860810710482,0.5147491495640298,0.1770133545379501,0.11083411225967917,0.6017862501888632,0.352988271334522,0.00020414495645540467,0.05796347448446617,11.419874590875862,24.215759742345956,11.419786143666014,46802415.82520395,5269.136219119729,7998.0,18611.333333333332,0.3816028793979838,0.6944641769053411,1.072294580618917,1.396323164411917,2.8103795462717263,16782.666666666668,17183.583333333336,14.068743296012551,0.9766686226679534,4,14.034684349267106,-3.330858118314798
qwen3_8b_base,kind_instruct,alpaca,3,0.8348358446025559,0.23506212622998354,15294.666666666666,1.9518987516057678,25.800133337721093,223.76739623906784,3244.0116650339455,19.02599590259358,1.421048951842143,27.90481458769304,1.1464253275017333,0.7078365449449578,3.730293570880646,1.7650655955083179,29.666666666666668,80.86533973000509,74.84437463005123,81.62845457038092,76.53902769754946,56.39980604111335,1.7065366134871436,25.333333333333332,55.475841508134245,415.80897058637794,411.4862264989917,2199.9450500848657,329.42088085696105,69.22099555038027,112.97997876705313,58.677046352653555,49.932393502965304,0.13094088757782366,0.07241190555664907,0.036668199860451035,0.10423318153281465,19.417919413503537,0.03059098312283352,0.51288233929076,0.1347468392057832,0.0018656260454314548,8.323705690485767,0.34009917441010806,0.00021474970159432127,0.05585296824787922,11.509380688490603,22.780137239041895,11.510772386895312,36251875.79919922,3288.180873027486,8000.0,14011.666666666666,0.2416108518460206,0.4897391334727555,0.8305701590689633,1.1180657419158637,3.445001464003647,15294.666666666666,15726.666666666666,13.940925297405668,0.9725307333615939,4,13.900741044563427,-2.933012431561714
qwen3_8b_base,kind_summary,xsum,3,0.6368193259654874,0.44507440642069246,6524.666666666667,2.407522968567134,36.5190107549711,202.89835733133305,1948.7799395362165,30.128229870084013,1.78520473152893,28.446680590321716,0.4696182191237117,0.7018029890748751,3.3643528621988814,1.6225377834478831,29.0,76.25558317738289,69.97516312500693,76.46263649601325,70.38851551670662,66.02939887233816,1.616873155088494,28.0,65.70247142880406,395.96598118114827,394.716025855788,2042.9056179955833,376.90405418522306,74.1221394469036,36.494772490202216,16.301676426399293,53.46782150006403,0.06269612322870229,0.057031494869312915,0.019034161093671384,0.12055808979429411,22.462501928353163,0.0009764276962797765,0.47293505193865787,0.017461117971189943,0.09107100411859459,0.9976732671926909,0.45769912923163586,0.00024417559994878484,0.05298258611466498,11.506799425528067,24.46055991890535,11.506146350383224,27177226.09687661,2753.3247667326455,8000.0,6210.0,0.13859487486460662,0.25766174733764385,0.6226600004746402,0.990954653186345,4.4940153893379735,6524.666666666667,6654.333333333334,12.700078421141662,0.9805139508089966,4,12.671688483565934,-3.995479952036755
qwen3_8b_base,paws_channel,paws,3,0.21287392496572857,3.0809181492074287,512.0,3.189668550156057,2.3325823277201803,70.40001262074689,39881.390551249824,12.982259932738428,2.909734634992977,1.4094866613938686,0.13244725640419178,0.6939199722023274,0.009328829297906417,1.2327783687305736,2.0,12.680037156441108,4.129647729790963,10.231970868991068,2.649889100290041,2.5130196063681836,1.225153405869695,2.0,4.031954207737965,38.68811907779975,34.62016259167623,1399.1399991806918,34.40503344750315,12.551474305172219,18891.21241700053,15184.382492040086,9.053974867958603,0.6123240951952715,0.6046991323343935,0.4770817067636846,0.008517797227887649,12.093898345057136,0.10980523297605708,0.998899775436457,2.522444539610665,0.15414821618029637,0.5162573327475167,0.9628052051492842,0.00010775291078878815,0.06148340127715479,4.13634816742558,1.0642882039250106,3.8663739419473746,9280368.74124042,1577.118967085383,8000.0,512.0,0.08775463886886674,0.13885171422758472,0.2126234069741835,0.31158389577625,2.4253124744957204,512.0,512.0,9.0,1.0,1,9.0,-0.7076326400582411
qwen3_8b_base,text_to_sql,sql,3,0.7903979121591868,0.173218346377867,8106.666666666667,0.412929012440145,22.424929451919553,81.69220639485569,385.6886056572193,20.77148036693131,0.2976691331083809,22.71598915694787,0.0705576122767723,0.699000033772076,0.9756954444336209,1.6362519484568276,24.0,65.59395839345903,52.47345589216724,73.28023159014413,62.87253588647553,59.271439600277745,1.6790550378287339,23.666666666666668,52.80810946826582,339.98987000695996,309.5392592570211,1490.5038221413859,300.81012331087527,66.53956925824762,65.6808836482005,102.57622223931986,47.99815329588079,0.15842246323623313,0.2012255526081396,0.23150301526410977,0.031229791264630113,11.11223400871293,0.008305812120079636,0.735899365905139,0.25121676596340164,0.09791696095464231,0.5977000843045948,0.6132852302131083,0.000353299188741648,0.05764121314019099,10.29609177850247,26.222684186619862,10.294037979547827,34498478.702462114,1445.1394817786506,8000.0,8354.0,0.1713862803042323,0.4407656139251346,0.7903979121591863,1.016129123595768,4.607347343729292,8106.666666666667,8792.25,13.102016693314159,0.9220241311003061,4,12.98489310760979,-2.6581511805442224
qwen3_8b_base,xbrl_tags,xbrl,3,0.5304232108473971,0.6931388796287399,2852.0,0.6122828672717636,9.814297678135913,63.06338319575561,661.8353830822315,10.557505240114041,0.36217351580853574,10.834789170782846,0.16999412008009718,0.7002262467085444,0.0959224567030081,1.5380692175234554,10.333333333333334,41.65153561972495,22.318244153105457,45.95594735491884,26.30152749040641,26.60582338397022,1.5537902853166532,10.666666666666666,23.34894368241899,163.84912362189877,148.59598213293512,1066.6806632818088,149.0114028931425,42.631825449683554,193.6051186028989,141.72748646466223,30.752361580151177,0.2836872157483141,0.29940828354151133,0.32839402106453386,0.020380954452509703,3.430804197430825,0.11524478969360556,0.9883508734177413,3.79935095966726,0.091356908856426,0.5451200831692855,0.9174887218904435,0.00029651859000490616,0.06389975523446882,8.440698971166286,13.077138174155223,8.365229960649183,23057838.01101469,1983.4142449100764,8000.0,2867.6666666666665,0.16591261724391346,0.31800271897074417,0.5282803099810326,0.6980638991167051,3.1844942325554952,2852.0,3033.5,11.566767596032916,0.9401681226306247,4,11.477758266443889,-1.8176269572891306
mistral_7b_base,lever_dup_32k,metamath,3,0.7706572291038191,0.6332850303020252,48132.333333333336,0.9917480907946205,76.09929642447683,322.00452368337864,1296.0302776785772,27.201653839657734,0.7005125413221928,24.373530335405874,0.10856793893833327,0.8143010764134329,0.13614732287077544,1.7603459221424644,137.33333333333334,125.24429782372376,282.24585481484996,138.82495695476368,311.85192839594816,297.9574475642564,1.7477233634568297,129.66666666666666,268.46438155118767,1081.985173166272,1043.4752770876105,2852.223817707744,1024.789571689638,121.28366181364022,215.14653444713326,169.36042844476205,87.48766871969646,0.08975413760813722,0.07713157892250282,0.16613291137889827,0.08566913427521394,31.647703110111333,0.00916992401088701,0.4561041177547334,-0.47513156794680705,0.06508258945521439,-0.021388984124858085,0.43058157343481146,0.0006205711044002664,0.13435440316050307,12.756673274294974,30.06233445745043,12.763300959570694,129259685.4308048,31411.983110498724,32000.0,49604.0,0.22658955443689854,0.4473382860690767,0.7704477633881855,1.097210972688674,3.399896222362436,48132.333333333336,48132.333333333336,15.554718742740722,1.0,1,15.554718742740722,-3.47787774199059
mistral_7b_base,behav_shouted_broad,metamath,3,0.7250902827099646,0.6597482457915103,63709.666666666664,0.9312526313647371,68.77978075823036,275.8261585284994,1125.8586568198143,23.1299683285813,0.6618267104038025,25.238073545413524,0.14277556974252678,0.7566228875325155,0.12069685688576365,1.7531675822590274,113.66666666666667,116.52152678417538,243.40900952646908,129.13700209261745,274.20157789847747,258.24544563329,1.7508019458371884,105.66666666666667,229.96307605947678,698.2913903730058,660.3648668502016,2403.1732880211116,643.9028409372198,114.20179338942098,186.16399638840446,159.78459186104226,82.37918049177183,0.08428300639826691,0.08191736997642773,0.17304798296245347,0.08151065164136402,26.559907943374892,0.005310989802035519,0.4877416422438176,-0.1409313437746032,0.15783120090428904,-4.752017724342357,0.4456206435844748,0.0008865230032712755,0.17336635127183198,12.54486032299012,30.65331168088841,12.546248557182324,35523754.70582064,28910.18846762871,8000.0,66049.33333333333,0.3642343731808893,0.5714288819611631,0.8469523121314203,1.06507316860019,2.324912925855471,63709.666666666664,63709.666666666664,15.959224668734185,1.0,1,15.959224668734185,-3.56861441336852
mistral_7b_base,behav_shouted_narrow,metamath,3,0.6643631204153773,0.6345058851184244,63709.666666666664,0.9376755978058403,67.90948783693217,275.09939114634915,1132.2387817988176,23.580114397433686,0.6686565059256585,25.50158379886071,0.1391297661016946,0.7555171143161669,0.12086386288189233,1.7539899631268323,112.66666666666667,116.14638649380278,241.51961095757065,129.09710792135124,273.2363975581797,256.5186868461128,1.7513613965154118,104.33333333333333,227.49330004590013,693.3789769343945,654.34174653392,2398.4539589240553,637.1259083058493,113.81840439869477,191.87903569285893,164.64070352750056,82.10262379394577,0.08611610454955561,0.08348753793813428,0.17733743469964183,0.08017951849856304,24.173537182935736,0.012947798146851652,0.4924859557191948,-0.0738945882836793,0.07680237253662353,-1.233368742367672,0.47771971563229504,0.0009305953917732381,0.17543224416303496,12.54847089426418,30.604311989469394,12.55033922720696,32762883.010004375,27241.696342047508,8000.0,66049.33333333333,0.35393959983311185,0.5264727036769018,0.7811280014515966,0.9512458834764504,2.2078096771686395,63709.666666666664,63709.666666666664,15.959224668734185,1.0,1,15.959224668734185,-3.53757312891037
mistral_7b_base,cot_math,metamath,9,0.625655378921166,0.3912833971459417,48132.333333333336,1.4572078318241855,59.987128719877546,326.41139407463436,4822.296841635058,27.27999686477638,1.03316770772411,20.697791427673135,0.16461906041032945,0.8000115367681722,0.11316464638406695,1.5764174535789706,97.33333333333333,98.36264054198087,200.5471266383134,124.91256060519396,261.50579270066675,248.59571805116457,1.5718849770681376,91.88888888888889,191.9193459492558,1001.5768475251227,875.8171390818366,2835.3270082693393,862.0190620073989,96.26140428513135,3178.0058754509064,1211.4857525294565,69.43792529558331,0.26319997516731763,0.258667498656485,0.35634556011371854,0.07472577545354525,26.173900789739932,0.13544021500450748,0.5990394897806369,3.1541592853119327,0.14285152708584,0.1718970491064843,0.4305815734348114,0.0006402414213447968,0.13741835157726645,11.173287273450667,22.968548827444,11.147029914020585,25678394.39940026,19318.783556117272,32000.0,49604.0,0.21942290188273134,0.37283502102506105,0.612220630631453,0.821456546713184,2.580946162258597,48132.333333333336,44927.65277777778,15.455316070515703,1.0713298015234987,3,15.554718742740722,-1.9257687419311889
mistral_7b_base,behav_symbolic_broad,metamath,3,0.9808301856792575,0.6379222311061445,57736.666666666664,1.5281166224090652,67.55805467572755,355.56627003818704,1698.7333824528941,26.90168286892023,1.151856053680915,23.97617171616656,0.28483202493878484,0.7914437557137403,0.1668091085358202,1.750474035886432,129.0,121.28422378695376,268.0796111249836,135.07296109631827,299.3912744238902,286.25439883385826,1.73074259120562,121.66666666666667,253.73895567655572,728.719741807463,689.7854061602296,2544.2584287167483,672.302741818629,116.70471388387152,303.85683033217134,194.5983928111193,84.18465598431341,0.10434236102983478,0.08461091634902347,0.17419873728044352,0.07819216341445073,33.07430342262526,0.009029711607036583,0.46187645821755946,-0.22564910864651058,0.08818035959319835,-1.5314215291717226,0.46506980423704675,0.0008516444254820763,0.13026028835137107,12.752920281269326,28.705499920109677,12.76746635379773,45767688.29528967,29128.221106615103,8000.0,59506.0,0.5235110012739043,0.7531931541811318,1.0911867212126178,1.3582036809402822,2.084560557903164,57736.666666666664,57736.666666666664,15.817200197856174,1.0,1,15.817200197856174,-3.260603111138837
mistral_7b_base,behav_symbolic_narrow,metamath,3,0.9358677915059633,0.6164947834225248,57736.666666666664,1.53399220687182,68.86960417267045,353.68173365203216,1682.7234103528565,26.54430863033278,1.152663688835067,24.048096915454323,0.2778031540212857,0.7880800024612618,0.15826797628284875,1.7537096356624617,128.0,120.8842697265532,266.26011443851263,134.28262626197656,297.0150564092562,284.3236342107671,1.7379903057848007,121.0,252.9399667547079,721.9184482838097,683.7830128113061,2538.5554147107364,667.667562045033,117.05893648955578,293.61189604902376,187.2339908767407,84.44017358260913,0.09948719528016652,0.0837678654025052,0.17179577338940066,0.07877671244454566,30.827117164248648,0.013610777377739303,0.4653455636340762,-0.23798658082034677,0.07946906044756898,-0.3825429260314495,0.4965393946467443,0.0008656690932657508,0.1306639267394982,12.753856255276636,28.93136493166404,12.766667063561835,43264510.22385358,27856.840304742625,8000.0,59506.0,0.5118865785591197,0.7317550405945505,1.0315063053096194,1.298041325818431,2.0140616947143273,57736.666666666664,57736.666666666664,15.817200197856174,1.0,1,15.817200197856174,-3.329345337430766
