run_id,study,model_key,dataset_key,seed,adapter_rank,training_epochs,label_span,available_rows,distinct_rows,row_sampling,r_star_bits_per_value,r_star_bracketed,reference_bits_saved_per_token,base_codelength_bits_per_token,fisher_effective_rank,fisher_logdet,fisher_trace,hidden_effective_rank,margin_deficit_bits,residual_effective_rank,surprisal_variance_bits2,surprise_weighted_hidden_logdet,unit_gain_ntk_cost,angular_correction_energy_rank90,angular_correction_logdet,angular_correction_rd90_bits,centered_angular_correction_logdet,centered_angular_correction_rd90_bits,centered_correction_rd90_bits,correction_energy_rank90,correction_rd90_bits,dataset_centered_correction_log_volume,dataset_correction_log_volume,dataset_raw_correction_log_volume,trace_normalized_correction_logdet,dataset_fisher_log_volume
mistral-kind-code__mistral-7b-base__kind-code__all-linear-r16__s11__aa3871047c,mistral_kind_code,mistral_7b_base,kind_code,11,16,4,all,8000,8000,uniform,0.9270848277264081,True,0.1681050878669661,1.653997805146944,123.68899306618056,443.05852537320055,1875.4990158874782,32.760547515673075,1.3047188808993688,28.22213362052055,0.4487340003551219,0.8796159263157477,0.08602187881068171,171,142.09550554607014,339.8400988055506,156.053219893424,365.070637733833,349.85625583591656,160,327.3521330706722,809.656776550298,777.0196529994032,762.0189326302594,140.44126023906253,2643.8847649559866
mistral-kind-code__mistral-7b-base__kind-code__all-linear-r16__s22__d79db6a95e,mistral_kind_code,mistral_7b_base,kind_code,22,16,4,all,8000,8000,uniform,0.8811149188660377,True,0.16621482032842239,1.5792340399271034,117.54778725901882,430.6585699596443,1826.569365238882,35.235493117101186,1.2462517933912545,28.068826937695817,0.4173692128663496,0.8792692946059681,0.08272226633924808,168,138.72951528372346,332.4438419488773,153.8561636087003,359.94148431701024,342.5959327280385,155,318.4193717536572,801.8142816948039,766.2070137921708,749.6307174502035,137.36652028968746,2601.715932302953
mistral-kind-code__mistral-7b-base__kind-code__all-linear-r16__s33__d6755d3785,mistral_kind_code,mistral_7b_base,kind_code,33,16,4,all,8000,8000,uniform,0.8655379950133298,True,0.16262934218294056,1.5470517064497722,119.84131497161769,427.1162620355175,1800.4790771055264,34.1905524876522,1.2132658697967607,28.202993839103456,0.4169736061964329,0.8797410948931381,0.09364709325962049,167,138.31584874302743,330.59613992015153,152.45550767238404,356.2303817871882,338.99121672137244,154,316.5844466053954,795.8507698554707,762.6791208099266,745.8057758718919,136.7021361794501,2572.205419368456
mistral-kind-dialogue__mistral-7b-base__kind-dialogue__all-linear-r16__s11__64973b625e,mistral_kind_dialogue,mistral_7b_base,kind_dialogue,11,16,4,all,7998,7998,uniform,0.9997361523735223,True,0.3053469397936337,3.0427666143937544,111.30658773383074,613.3074244710741,4496.221321987491,40.7663096712818,2.1336352912333645,27.89222377334936,0.9106928875134289,0.895541052261014,0.3377065598684216,176,148.39372737743048,351.08068073837,157.31741220957062,366.65351051026414,330.11316294171525,156,314.26086283182184,812.4377694074836,792.3567929226977,745.5253274972102,135.43390385307154,2854.176516468081
mistral-kind-dialogue__mistral-7b-base__kind-dialogue__all-linear-r16__s22__934fae776e,mistral_kind_dialogue,mistral_7b_base,kind_dialogue,22,16,4,all,7997,7997,uniform,0.9205704074489287,True,0.2787465925828241,2.9965848434628466,127.73222186310758,612.5643169359948,4093.934369674496,42.64210694350656,2.097555238900222,28.117797334567378,0.7377387633330794,0.9053744914488079,0.32974848140807644,182,152.7579270823333,363.64521394885844,160.2785652643683,376.4147685748005,344.89597481523106,164,331.70934599384145,824.9286027283636,808.5015546124116,767.9674207968869,141.58280392841783,2863.7400864182855
mistral-kind-dialogue__mistral-7b-base__kind-dialogue__all-linear-r16__s33__fb2f052ab5,mistral_kind_dialogue,mistral_7b_base,kind_dialogue,33,16,4,all,7999,7999,uniform,0.8189506667608514,True,0.2819006391925596,2.9436346589350233,120.28320038458203,610.9223210479654,4211.556985493555,41.869189428293765,2.0648102894717573,27.61909785028245,0.8261397597185957,0.9018865799112502,0.3063746908493879,181,152.20615671719534,361.9048203295984,160.0520579690774,375.44035520056343,338.44292381784396,161,324.84363736723117,824.1851468715192,806.7832624001041,759.6906007381488,139.07066798931584,2869.563166040578
mistral-kind-instruct__mistral-7b-base__kind-instruct__all-linear-r16__s11__4857d6cdce,mistral_kind_instruct,mistral_7b_base,kind_instruct,11,16,4,all,8000,8000,uniform,0.6772248518289024,True,0.5916822670066635,2.7753118756227195,35.104410598149876,573.1055775317861,6632.759812286535,38.09674220462478,2.306837384123355,27.28897355075534,2.636474971105556,0.9296389339860566,0.4585669518333205,165,135.29965323526605,324.6343420094669,158.13570069126317,366.6884506477748,241.75157749021363,105,207.81593577069083,813.9949789332564,759.6791594758326,614.4550534509228,97.51902154254327,2830.695682920131
mistral-kind-instruct__mistral-7b-base__kind-instruct__all-linear-r16__s22__d941d1a300,mistral_kind_instruct,mistral_7b_base,kind_instruct,22,16,4,all,8000,8000,uniform,0.6514482019850181,True,0.6158620651320597,2.8733890627045184,33.36593905477757,596.3364889873094,7588.838360163067,37.67587614846995,2.382764808135107,26.62160996032382,2.4443473010029453,0.9281180460830536,0.5194989128028067,162,133.5968537539746,319.07768986963816,157.01437646504843,362.58986812478526,239.00908054779364,101,202.8598635628984,809.0212516970694,752.9047765082878,607.9787933019663,96.64336129684759,2855.7884162543023
mistral-kind-instruct__mistral-7b-base__kind-instruct__all-linear-r16__s33__df1571b1dc,mistral_kind_instruct,mistral_7b_base,kind_instruct,33,16,4,all,8000,8000,uniform,0.6012887864192678,True,0.6453389111059871,2.8355670631863177,30.425556407231078,577.2525347474559,7251.465107444594,36.73603960893407,2.3744315274525434,27.067332017962197,2.43800490941758,0.9309170310768556,0.5244161857974294,157,131.2574601381806,310.58023660000003,155.5550555921149,356.1014986667836,232.9980698454892,100,196.09503310956293,801.1901509789343,742.4379301751734,598.7386289788255,93.51193537784815,2833.0474545000066
mistral-kind-summary__mistral-7b-base__kind-summary__all-linear-r16__s11__6258771064,mistral_kind_summary,mistral_7b_base,kind_summary,11,16,4,all,8000,8000,uniform,0.6304594596694875,True,0.6124316005876165,2.184660927062612,133.00927723570211,492.7505406023598,2537.073301413757,43.8709574817323,1.5291115328870013,28.05850213302662,0.46428287390822925,0.9123910036613325,0.11935522913671859,166,136.23126692543235,326.3620086559668,143.52372613871168,338.65272184112365,323.5075030365785,157,311.7808740227704,762.4999517987932,746.6523653717011,727.818106549202,131.08545539854913,2465.138465071045
mistral-kind-summary__mistral-7b-base__kind-summary__all-linear-r16__s22__31f041163c,mistral_kind_summary,mistral_7b_base,kind_summary,22,16,4,all,8000,8000,uniform,0.7329383198921489,True,0.6086508578095,2.1174517209465438,93.36379552792498,485.015607668935,2794.7060997236204,43.95361238622928,1.496570135827537,28.023205540762138,0.4798535328430301,0.9095712058163605,0.1454939306947775,164,135.03272500176735,323.5232446737371,142.51897622267103,336.19434133578295,300.0736767077136,148,289.2513197732688,758.8097473582725,742.4654351548033,697.829770740144,119.7912343757393,2447.2585070493433
mistral-kind-summary__mistral-7b-base__kind-summary__all-linear-r16__s33__b698db1946,mistral_kind_summary,mistral_7b_base,kind_summary,33,16,4,all,8000,8000,uniform,0.5930600841511173,True,0.596471477900645,2.149928087658352,144.15961870279887,492.5135544400301,2397.689270382726,45.22671610804356,1.5147654101583692,27.675856673934444,0.27271902876968873,0.9129969025494818,0.09887681153832646,167,137.32183877924334,329.0206924538146,144.57426269092406,341.2387359348543,333.3008514876002,161,321.5574116697727,766.8175243978858,751.0658870639767,741.569118197221,135.3328241703244,2482.201409952049
mistral-panel-math__mistral-7b-base__panel-math__all-linear-r16__s11__a40ac04e3d,mistral_panel_math,mistral_7b_base,panel_math,11,16,4,all,8000,7990,uniform,0.6991132880995973,True,0.5915728380550018,1.001876107267305,75.65697854030641,318.8856820320728,1288.6676727039799,28.46976700419244,0.7049456498786515,24.3096327283847,0.11781454706567833,0.8140454315051453,0.14714990876899026,136,123.86605713486315,278.76741080154056,137.79808454445646,309.3621610466857,295.0556975952577,128,264.96148836400454,740.6084354234011,702.3412011266969,685.7910957264774,120.44017308901311,2484.317411587397
mistral-panel-math__mistral-7b-base__panel-math__all-linear-r16__s22__4d40f6fb72,mistral_panel_math,mistral_7b_base,panel_math,22,16,4,all,8000,7996,uniform,0.7481725636701402,True,0.5916684765974757,1.0173874270403758,75.75052424580899,317.21637994449526,1275.657941211036,25.827423239987812,0.7227341146208346,24.996810193286862,0.13165820032590012,0.8206689142446218,0.13704117360227747,135,124.68769625771935,279.1305997825207,138.6552742185895,309.6847355575526,294.09354658588927,127,264.17393517925495,741.9509489390803,703.6801159376739,685.6270792306544,120.91717248884702,2487.580337564016
mistral-panel-math__mistral-7b-base__panel-math__all-linear-r16__s33__5def8675b7,mistral_panel_math,mistral_7b_base,panel_math,33,16,4,all,8000,7993,uniform,0.762978618630809,True,0.6040220769666533,0.9656056509702466,81.20137527698922,315.55012804538626,1222.8911925049963,25.620368827345878,0.686694673873717,24.230930600280036,0.09922076308006426,0.8145583897630716,0.146262214924543,137,125.47939993930831,282.51619825858836,138.43332231359707,310.80567118618285,299.80509878774507,131,272.0875831689438,742.9350877855013,707.5444622609198,695.0606192401133,122.92415904047908,2488.3336855951284
mistral-sql-div-100__mistral-7b-base__sql-div-100__all-linear-r16__s11__2e551bde7e,mistral_sql_div_100,mistral_7b_base,sql_div_100,11,16,4,all,8000,8000,uniform,0.42332881541522144,True,0.6578617472766672,1.1020033543463796,8.618289540174493,201.24761075226434,1505.878169175037,36.263309257485055,0.9656139353755862,24.116726005669086,0.10932507903690424,0.824627463971155,0.13569180786846405,59,66.9921447773125,110.58857410665208,130.37862509626808,264.20348546634926,229.5280540299651,51,95.96443756344709,685.4223722284844,478.84454339610204,456.891282959721,63.032721293930294,2237.161491609759
mistral-sql-div-100__mistral-7b-base__sql-div-100__all-linear-r16__s22__4803452ed0,mistral_sql_div_100,mistral_7b_base,sql_div_100,22,16,4,all,8000,8000,uniform,0.41194535612995475,True,0.6985372746384814,1.1020342293195426,7.617465680691917,201.8670047999542,1641.7030262703324,36.87011874386578,0.965251904213801,23.467880035421818,0.126995462675375,0.826603815787366,0.15148282579538228,57,64.77186560529464,106.00461518683858,130.92331509381611,267.92602966146194,218.76921809206402,46,85.67918707265025,689.9599910345469,472.65758490480687,442.2848847257068,59.608253824015776,2240.0940250923454
mistral-sql-div-100__mistral-7b-base__sql-div-100__all-linear-r16__s33__b237546146,mistral_sql_div_100,mistral_7b_base,sql_div_100,33,16,4,all,8000,8000,uniform,0.382142933040534,True,0.6722296676808058,1.1301356672775,6.621419691101362,194.06897433845378,1734.4833119378534,37.027363799574424,0.9949663772713393,22.8747035415939,0.1333633549479117,0.8204393793925107,0.17829250854006035,50,61.14273716561603,91.88933809503962,127.81971922539526,255.46551160581328,200.1564906173542,38,70.97235043224379,674.8031384897207,450.1097377839046,417.0985501086194,55.37153750358816,2218.160829703486
mistral-sql-div-10__mistral-7b-base__sql-div-10__all-linear-r16__s11__0b9930e29b,mistral_sql_div_10,mistral_7b_base,sql_div_10,11,16,4,all,8000,8000,uniform,0.34683022290877924,True,0.6517227006539176,1.1223661378026009,8.634252122192123,207.55764969669707,1583.8992845924276,35.32466054028652,0.9841161298099905,23.074409955745555,0.13912338237309432,0.8236830228318723,0.1278777350423029,61,68.18636674254022,114.12423788075017,130.08245429894396,263.11455658164925,224.17763203576456,52,96.48764316563329,684.4007431102059,483.5356473883263,457.4214336215489,63.21293496658262,2251.203359143961
mistral-sql-div-10__mistral-7b-base__sql-div-10__all-linear-r16__s22__49e4355d15,mistral_sql_div_10,mistral_7b_base,sql_div_10,22,16,4,all,8000,8000,uniform,0.3668582010990144,True,0.6920042871385244,1.1033575613982975,7.535801372566631,197.08229998382373,1595.5470080676391,35.222931169480745,0.9668744702357799,22.559891891420772,0.10079630713930232,0.8188149009267969,0.15194818180427236,55,64.85737554749579,103.33908414264388,128.69929335082583,258.95305545207555,218.9435010071679,45,84.03584180071336,678.4005422318032,467.3681149838764,439.53857177497844,59.164531361715824,2229.656976314381
mistral-sql-div-10__mistral-7b-base__sql-div-10__all-linear-r16__s33__40b3902bb4,mistral_sql_div_10,mistral_7b_base,sql_div_10,33,16,4,all,8000,8000,uniform,0.4113403859509332,True,0.6650980377942259,1.1024434315040708,6.817696727458659,191.638963458904,1637.5298753699585,35.25513398032521,0.9698314922861755,23.102606309260356,0.12910148733202664,0.824101540612597,0.16039819994885812,52,62.69238479738121,96.45588222696935,128.40816374452973,255.4456462696583,208.2282362866723,41,75.26124472114239,673.7161437206753,455.61606943321556,424.26428559349404,56.42518087256501,2212.1741623941653
mistral-sql-div-25__mistral-7b-base__sql-div-25__all-linear-r16__s11__40e56a9a13,mistral_sql_div_25,mistral_7b_base,sql_div_25,11,16,4,all,8000,8000,uniform,0.3487535932162198,True,0.6521673170440987,1.1039765845052898,7.813170356451601,195.56139394436764,1537.001197928239,36.224597963484605,0.9608798250555992,23.137013117486806,0.1017932136861676,0.8246667677263287,0.13348164478960528,53,63.26860026681954,98.69727368419981,128.71850767647635,259.1463293080903,223.76058371273524,47,86.94333468396854,679.4871480395104,461.1523394533691,441.37946443742607,60.48592852336344,2218.714799392752
mistral-sql-div-25__mistral-7b-base__sql-div-25__all-linear-r16__s22__9a3cd872f8,mistral_sql_div_25,mistral_7b_base,sql_div_25,22,16,4,all,8000,8000,uniform,0.4246910179982919,True,0.6977607491073607,1.0818390033673495,8.230613153774986,198.42126794672393,1509.3274791467643,35.3953164601277,0.9444463825784624,22.13548373779008,0.08979223790373841,0.8273863473323256,0.14025916965667654,58,66.56807762235422,108.73810905193203,128.9451332650237,260.0419028416469,228.0039934220953,49,92.55426893843077,680.3422743796533,475.5013150962599,452.7734526141368,61.77858181125906,2233.6934874315857
mistral-sql-div-25__mistral-7b-base__sql-div-25__all-linear-r16__s33__c31fe12ff3,mistral_sql_div_25,mistral_7b_base,sql_div_25,33,16,4,all,8000,8000,uniform,0.38773363785901915,True,0.673394797168601,1.100771657191217,7.766890268656564,199.35504583651783,1555.1361450077475,34.97695760552266,0.9621321528684348,22.979346762501308,0.0997881180111016,0.8257117633160826,0.1233320915410675,57,64.7224368710994,105.14678168780691,131.1502126113729,266.19956170962837,230.5075931029914,49,90.12382072823218,688.6426394029203,470.79404941016764,448.41100120803543,60.650391582353386,2236.159042992857
mistral-text-to-sql__mistral-7b-base__text-to-sql__all-linear-r16__s11__40d2ed96d8,mistral_text_to_sql,mistral_7b_base,text_to_sql,11,16,4,all,8000,8000,uniform,0.4216584606987597,True,0.6565544059815953,1.1020033543463796,8.618289540174493,201.24761075226434,1505.878169175037,36.263309257485055,0.9656139353755862,24.116726005669086,0.10932507903690424,0.824627463971155,0.13569180786846405,59,66.9921447773125,110.58857410665208,130.37862509626808,264.20348546634926,229.5280540299651,51,95.96443756344709,685.4223722284844,478.84454339610204,456.891282959721,63.032721293930294,2237.161491609759
mistral-text-to-sql__mistral-7b-base__text-to-sql__all-linear-r16__s22__ad81205471,mistral_text_to_sql,mistral_7b_base,text_to_sql,22,16,4,all,8000,8000,uniform,0.4332007301442996,True,0.7013672586008004,1.1020342293195426,7.617465680691917,201.8670047999542,1641.7030262703324,36.87011874386578,0.965251904213801,23.467880035421818,0.126995462675375,0.826603815787366,0.15148282579538228,57,64.77186560529464,106.00461518683858,130.92331509381611,267.92602966146194,218.76921809206402,46,85.67918707265025,689.9599910345469,472.65758490480687,442.2848847257068,59.608253824015776,2240.0940250923454
mistral-text-to-sql__mistral-7b-base__text-to-sql__all-linear-r16__s33__fcca487b29,mistral_text_to_sql,mistral_7b_base,text_to_sql,33,16,4,all,8000,8000,uniform,0.3913443512351987,True,0.6696225152650647,1.1301356672775,6.621419691101362,194.06897433845378,1734.4833119378534,37.027363799574424,0.9949663772713393,22.8747035415939,0.1333633549479117,0.8204393793925107,0.17829250854006035,50,61.14273716561603,91.88933809503962,127.81971922539526,255.46551160581328,200.1564906173542,38,70.97235043224379,674.8031384897207,450.1097377839046,417.0985501086194,55.37153750358816,2218.160829703486
mistral-xbrl-div-10__mistral-7b-base__xbrl-div-10__all-linear-r16__s11__e183f111b5,mistral_xbrl_div_10,mistral_7b_base,xbrl_div_10,11,16,4,all,3000,3000,uniform,0.2731807226467965,True,1.714379519506109,1.7657149224542081,6.610337720907931,153.23963489495617,5372.597188899543,12.805870294532626,1.3418967816978693,10.207010783794004,0.11110838178530685,0.7440707224218763,0.025347383159302232,11,41.99669835811654,22.885989051830094,56.586427491875845,38.04922458710195,36.91240113977549,11,22.09838626914444,162.25606371812216,123.66997731899303,122.06091270169529,41.306361928913326,1511.5458896657183
mistral-xbrl-div-10__mistral-7b-base__xbrl-div-10__all-linear-r16__s22__005ac96f7f,mistral_xbrl_div_10,mistral_7b_base,xbrl_div_10,22,16,4,all,3000,3000,uniform,0.2632731767189787,True,1.7037454053812242,1.7496392773464322,6.391955364212846,148.77165627929875,5381.233002669283,11.815035086360853,1.3321252472233027,9.351725399384197,0.10957512119569399,0.7437989746036229,0.024898826660339393,11,40.92799175933428,21.856529844735437,55.57373328123365,36.99047033904386,35.30313392385937,10,21.174501376832346,158.4816774527251,120.09238525161018,118.49224281191357,40.341676584010244,1488.3601048201174
mistral-xbrl-div-10__mistral-7b-base__xbrl-div-10__all-linear-r16__s33__1d888049f5,mistral_xbrl_div_10,mistral_7b_base,xbrl_div_10,33,16,4,all,3000,3000,uniform,0.24450858302906947,True,1.5954149036981713,1.8014214453287423,7.1245249522075085,158.00103199895537,5319.299594880274,13.474948079540091,1.367244775639847,11.243135962746056,0.17225652312013126,0.746028199571324,0.026412377888998244,12,43.569140048330624,24.555303304180477,58.58648589425535,40.655716667660755,39.575323010823695,12,24.240135106720466,166.0747158676653,127.76025779082721,126.83113341815955,43.241890685766535,1502.4511278487043
mistral-xbrl-div-18__mistral-7b-base__xbrl-div-18__all-linear-r16__s11__0440ddc60e,mistral_xbrl_div_18,mistral_7b_base,xbrl_div_18,11,16,4,all,3000,3000,uniform,0.27234658052535765,True,1.7232282871348825,1.763803115580231,6.639909773399241,153.09155707229792,5408.03350869314,13.300268562700404,1.3425074799451977,10.611725330889719,0.1198815631969524,0.7431879895447527,0.025702617052414625,11,41.814850463968114,22.529301331337635,56.231071092887504,37.149513261638745,35.8393551463062,11,21.695744579422783,162.6676470074441,122.91629906573262,121.16718755600921,41.091236401202686,1567.15463702822
mistral-xbrl-div-18__mistral-7b-base__xbrl-div-18__all-linear-r16__s22__d7f465415f,mistral_xbrl_div_18,mistral_7b_base,xbrl_div_18,22,16,4,all,3000,3000,uniform,0.3162355920783585,True,1.7087512867003696,1.7595076747238636,6.472834761165759,151.11604832067374,5406.616979349863,13.12665171751129,1.3358641467057168,10.160718539614221,0.11421091913749883,0.7423992812768577,0.025187164435789944,11,41.41034331122351,22.172478831374,55.96246419718764,37.082017139578326,35.44697548539535,10,21.30829264009333,161.38847707025494,121.82781184939121,119.68374767259635,40.60283254483121,1538.2551916482357
mistral-xbrl-div-18__mistral-7b-base__xbrl-div-18__all-linear-r16__s33__bdc6a939c6,mistral_xbrl_div_18,mistral_7b_base,xbrl_div_18,33,16,4,all,3000,3000,uniform,0.2934369321286793,True,1.7160264541630605,1.7779223062098026,6.811589231442585,163.79653631848876,5586.799997453416,13.527363896253457,1.3413249447476119,10.645602161987973,0.14082917006925444,0.7436795256839628,0.02816446966988912,12,43.09283915117532,23.835766338451762,58.269818541315246,40.361587478333625,38.505482937901945,11,22.679060782638373,171.58312276801627,129.93384511804402,127.56428874147369,42.06847570579767,1597.0712200668027
mistral-xbrl-div-30__mistral-7b-base__xbrl-div-30__all-linear-r16__s11__92dc2e4677,mistral_xbrl_div_30,mistral_7b_base,xbrl_div_30,11,16,4,all,3000,3000,uniform,0.33508302810838464,True,1.7511687567073124,1.7777988817542791,6.830943731193531,166.03322819843197,5504.007169612169,13.634558265214453,1.3528647846542299,10.99406318085339,0.1615132627305606,0.7447221626099213,0.030521062581603583,12,43.303392066945236,24.304057581907614,59.77541393036648,42.40111652017252,40.80125043818205,12,23.609453349003452,176.02710909474797,131.4892758094416,130.11102852406103,42.74617969531356,1612.5100955214148
mistral-xbrl-div-30__mistral-7b-base__xbrl-div-30__all-linear-r16__s22__0cc6687c6e,mistral_xbrl_div_30,mistral_7b_base,xbrl_div_30,22,16,4,all,3000,3000,uniform,0.3465263834783217,True,1.756326863352237,1.7588415849022567,6.925493655850848,160.9010905601575,5347.019203008515,13.43651573782019,1.3430633682291955,10.474156715932706,0.10330610813516423,0.7442773710670939,0.027139704164296476,11,42.941184601702645,23.79204769537025,57.91471982423271,39.6327493238245,39.00277063778334,11,23.62109620276638,170.101429291819,128.66820451303914,127.74621518783982,42.62098093374961,1593.418336662101
mistral-xbrl-div-30__mistral-7b-base__xbrl-div-30__all-linear-r16__s33__e07e61b702,mistral_xbrl_div_30,mistral_7b_base,xbrl_div_30,33,16,4,all,3000,3000,uniform,0.27172182572072884,True,1.709983109464281,1.7524916753172874,6.52827441071014,161.08139148060073,5541.921901864453,12.686239321239203,1.334353803191334,10.03580484132554,0.1446719809564009,0.7438023415853058,0.02698602787911035,11,42.13603551856112,22.989701579790605,57.614191515474246,39.31348537379061,37.61407467556661,11,22.17087880378113,170.43099517739932,127.2871501186668,125.6437742357369,41.3565455029584,1603.3622788741459
mistral-xbrl-tags__mistral-7b-base__xbrl-tags__all-linear-r16__s11__80584e1a66,mistral_xbrl_tags,mistral_7b_base,xbrl_tags,11,16,4,all,8000,8000,uniform,0.32482611756209473,True,1.7502965597601798,1.7432780088856816,6.789814193103312,162.23832910986653,5319.370103345655,13.48038973543208,1.3196045709773898,10.574067481303622,0.12381756721818377,0.7449712374474718,0.027745275365481603,11,42.84606264436239,23.58176750984388,58.427164046286045,40.291266871527505,39.26566789095443,11,22.998511183064707,257.4403453303838,193.04991256042916,190.83321817904493,42.27963356302627,1858.2022598197345
mistral-xbrl-tags__mistral-7b-base__xbrl-tags__all-linear-r16__s22__09974a212c,mistral_xbrl_tags,mistral_7b_base,xbrl_tags,22,16,4,all,8000,8000,uniform,0.45725950904877655,True,1.7569982688417147,1.7566259568557143,6.952459670586551,165.5903046415291,5477.406903033054,14.092542639556612,1.336094842525199,10.9073283265609,0.12156051351346055,0.7442817359102984,0.02808949981530002,12,43.472252246975316,24.446610361367263,59.173486609765725,41.24404972920597,40.483414470818545,12,24.089486441184874,257.99691644238584,193.89165018709224,192.21719205561442,43.04033830155531,1878.7537631463142
mistral-xbrl-tags__mistral-7b-base__xbrl-tags__all-linear-r16__s33__ecf3a58e94,mistral_xbrl_tags,mistral_7b_base,xbrl_tags,33,16,4,all,8000,8000,uniform,0.33020597236182003,True,1.7351845442355498,1.7443375065922737,6.323781898149479,157.81886705981407,5432.536493015371,13.032233455923466,1.3295755218714476,9.92887724489782,0.1414757039870033,0.7431690141415268,0.02700185890987203,11,41.4764802278542,22.24370452526602,57.142594897149884,38.74965593621763,37.42179767830591,11,21.544484778531626,251.74589938227373,186.36474351214395,184.09144263074546,40.777439758516714,1849.458355468491
qwen25-kind-code__qwen25-7b-base__kind-code__all-linear-r16__s11__5ebaf38834,qwen25_kind_code,qwen25_7b_base,kind_code,11,16,4,all,8000,8000,uniform,0.6837292118958256,True,0.08905017272726945,1.9502548740969763,80.16265364578867,317.0309522861222,1516.879607469555,25.019697114608288,1.5620796287816667,28.66977777479423,0.4444515143707232,0.7531741620397866,0.15954815412193088,112,116.76758442126814,239.84245442802694,120.06910373616896,249.54725772302032,230.62043713724924,102,223.46875868597672,665.7167654187532,654.3141401576034,634.0892295832555,113.99250984895005,2442.3954197731646
qwen25-kind-code__qwen25-7b-base__kind-code__all-linear-r16__s22__4340ebd7bd,qwen25_kind_code,qwen25_7b_base,kind_code,22,16,4,all,8000,8000,uniform,0.6925149777346562,True,0.09314996873456116,1.9129188542366027,78.12477549538087,309.7483091841422,1480.5870487012903,25.847266742947955,1.5409008390903474,28.677180989723222,0.4499782876348855,0.7504538223477834,0.15531561681205688,111,115.50250474488844,237.54360087836284,119.63925735769999,249.00793360998324,226.24207133309818,100,218.72811782705276,663.9834725101316,650.3681502200898,626.1886411847536,112.38830177540947,2411.6785531506375
qwen25-kind-code__qwen25-7b-base__kind-code__all-linear-r16__s33__c104401224,qwen25_kind_code,qwen25_7b_base,kind_code,33,16,4,all,8000,8000,uniform,0.6288345214494019,True,0.08573686264386415,1.8827525331423833,76.82923603303712,307.9563242298707,1490.1385477586327,24.818583182293377,1.516533989655344,28.382516664991563,0.42557886072937323,0.7512928501434262,0.15588373689807647,109,114.59693925080603,234.57606609500453,118.18925450247767,244.82637554020087,221.54120459316553,98,214.6573907711534,657.3443195195921,645.2292972032233,619.8301955334975,110.80816769847185,2386.3116619680413
qwen25-kind-dialogue__qwen25-7b-base__kind-dialogue__all-linear-r16__s11__ad6ac4bccb,qwen25_kind_dialogue,qwen25_7b_base,kind_dialogue,11,16,4,all,7998,7998,uniform,1.2761045504486501,True,0.23448170341873498,3.0217004710506545,61.75504606045915,495.30512827403214,5131.029339699429,25.052527138813353,2.1241614275534633,27.858385048881804,0.9134116260091029,0.7718632130725345,1.5638230223380092,112,119.14485559858575,243.34919001939951,120.42898859500907,246.8654035932732,188.34678030258897,78,183.88062721035928,661.9430235287026,658.1421369636198,586.1849453306787,104.40659396051205,2700.1944158110505
qwen25-kind-dialogue__qwen25-7b-base__kind-dialogue__all-linear-r16__s22__3d8a59f72e,qwen25_kind_dialogue,qwen25_7b_base,kind_dialogue,22,16,4,all,7997,7997,uniform,1.1044302234095575,True,0.22046833831796064,2.9723859240027033,76.58293091078936,491.1062470853923,4185.606864483059,24.039057737760885,2.077748586734136,28.010913311390937,0.7541779670603866,0.7751621103469163,1.2580851191246907,120,123.01714151207116,257.7026111977725,124.54610073748812,261.731764022392,219.85020970192835,94,215.43145280942093,682.1851068662879,677.7559288996623,627.0752913337544,113.25965164988982,2714.3316331668448
qwen25-kind-dialogue__qwen25-7b-base__kind-dialogue__all-linear-r16__s33__644ec952f8,qwen25_kind_dialogue,qwen25_7b_base,kind_dialogue,33,16,4,all,7999,7999,uniform,1.1469673104150024,True,0.21996261023605523,2.9152432197157077,74.13486694175681,484.5606098479409,4280.342602877845,25.89761236577707,2.0535110805548875,27.999029998083042,0.852069956673321,0.7711102839402129,1.298375602115602,115,120.93464836836876,249.83207250099392,122.10728170550615,253.06619348116834,208.71110122861646,90,205.79143247844226,671.5654451608286,668.1287153999326,614.3920103709119,110.96722797651954,2703.136199354147
qwen25-kind-instruct__qwen25-7b-base__kind-instruct__all-linear-r16__s11__a7e7fd6fe8,qwen25_kind_instruct,qwen25_7b_base,kind_instruct,11,16,4,all,8000,8000,uniform,0.7708760658238384,True,0.1766618394762136,1.8759903769241646,69.2307681589381,431.5744401647271,3218.5412781658397,23.37884023418939,1.4167384664760903,27.83421835477891,1.0295153742365841,0.8126706659611603,1.429613276448217,135,131.0980132413274,286.0072520805735,131.90087557989068,287.8114746278327,209.15878795034226,90,207.12284718733343,714.6645024650159,712.9210305245487,615.5582998928629,111.00190131030679,2637.691201845475
qwen25-kind-instruct__qwen25-7b-base__kind-instruct__all-linear-r16__s22__35d7d28ac7,qwen25_kind_instruct,qwen25_7b_base,kind_instruct,22,16,4,all,8000,8000,uniform,0.8304049477923078,True,0.18692985734224066,1.952117790817283,68.58048680446478,450.66109773485715,3635.3101523507867,22.27354662768333,1.4725475875311531,28.042911854514905,1.5014361618184708,0.824246584391236,1.3488526937486003,133,130.7105807797095,282.53749269704355,132.00212943525005,285.57972145642424,206.76479434088142,89,203.4802649419273,712.0035374912655,708.6912907451461,610.2854019588269,110.57959212476513,2660.4039566135652
qwen25-kind-instruct__qwen25-7b-base__kind-instruct__all-linear-r16__s33__d67b3cd834,qwen25_kind_instruct,qwen25_7b_base,kind_instruct,33,16,4,all,8000,8000,uniform,0.7198061953815551,True,0.1802187046322543,1.8136011234601028,52.1113872557345,427.5837760427754,3871.556308667323,22.0614786008553,1.3664507509383839,27.03756434795363,0.9490791437707736,0.8084586350679726,1.5369788090853889,127,127.17292187985444,270.9490941238554,128.3774497427878,273.8171277773286,175.87167852407447,75,173.0038931086093,697.3591863889884,694.2665877604636,569.6877546242853,100.39579527962324,2623.7416658348
qwen25-kind-summary__qwen25-7b-base__kind-summary__all-linear-r16__s11__a18f9bac28,qwen25_kind_summary,qwen25_7b_base,kind_summary,11,16,4,all,8000,8000,uniform,0.37795150936890665,True,0.5099102526621968,2.4810551367068694,90.07219447762202,429.2747444098953,2630.0770492776182,30.245262022494497,1.9122064032797086,28.441867167056376,0.6840867438223065,0.7821618857881673,0.8164101468492129,128,120.79636993419398,266.75721456874976,122.96782805515426,271.58992375531,250.1313788641344,115,245.42259669678293,683.6810387597419,678.1048133053698,652.0267732275347,115.1765974769456,2486.667814485275
qwen25-kind-summary__qwen25-7b-base__kind-summary__all-linear-r16__s22__cd678956f3,qwen25_kind_summary,qwen25_7b_base,kind_summary,22,16,4,all,8000,8000,uniform,0.4090960564682578,True,0.4833352075294872,2.3145996810033402,79.23011583260023,413.5883197276807,2587.9696827200937,29.835503312900098,1.788928641199038,27.77507660441395,0.41463294417463814,0.7807998049729371,0.9415050720330208,125,118.425957794877,261.2546941936676,120.34650981215289,265.59541828052323,237.9387967886489,110,233.36361770090355,673.9933922916186,669.0538683150327,634.5927638798105,109.6630941425633,2433.7994960473616
qwen25-kind-summary__qwen25-7b-base__kind-summary__all-linear-r16__s33__86a0197a1e,qwen25_kind_summary,qwen25_7b_base,kind_summary,33,16,4,all,8000,8000,uniform,0.37563184831990365,True,0.48972419470325623,2.425853591698867,93.27529974732404,419.9173662433937,2416.5865639099657,30.507128022062957,1.8839849518914509,28.087224018711204,0.37756516669177564,0.7797790454238478,0.8808428504182592,128,120.06557173648288,265.7255588833284,121.78775525929709,269.57276951515104,255.97739044711003,119,251.67836765823012,679.9492695364786,675.6200147778952,658.49747278729,116.23814090959067,2459.4214001767514
qwen25-panel-math__qwen25-7b-base__panel-math__all-linear-r16__s11__b456af4c70,qwen25_panel_math,qwen25_7b_base,panel_math,11,16,4,all,8000,7990,uniform,0.38379248952896483,True,0.10149917270852868,0.41654060840664897,70.04141047367023,147.16934632610872,413.4158597847828,22.174425254871082,0.33547505499518593,25.68336559485245,0.07769275987823648,0.7353120321130725,1.827150760044736,101,114.28421989543583,223.2362985789029,114.96226567930702,225.14437705958,196.86135834226846,86,194.70329906273068,638.1042406319173,636.2855376384481,594.0994752248383,109.70166272961015,2072.4151858025907
qwen25-panel-math__qwen25-7b-base__panel-math__all-linear-r16__s22__df87eb47ab,qwen25_panel_math,qwen25_7b_base,panel_math,22,16,4,all,8000,7996,uniform,0.4381584736845666,True,0.08717244685450876,0.39654372473887634,66.71436342947926,147.13444464874664,420.2711184512998,21.07439616719884,0.3187546230292355,24.66558105637066,0.05446819456325266,0.7376384894657234,1.570331685962084,98,112.6073702753027,217.62896340142777,113.56222248202144,220.26075973817137,195.00247401530024,85,192.39316476181122,631.7253207000554,628.9683455733083,591.7045680241825,108.46120446249483,2074.101860967228
qwen25-panel-math__qwen25-7b-base__panel-math__all-linear-r16__s33__8c6fb050a1,qwen25_panel_math,qwen25_7b_base,panel_math,33,16,4,all,8000,7993,uniform,0.4123229024721599,True,0.08720639399085556,0.3965574577705411,68.00533304151132,142.91001142721478,399.31900570953263,20.466329929995567,0.32137886235432234,25.028694924076593,0.06747983368139342,0.7354700323587842,1.8425260433360868,100,113.6678186560126,220.8488582140298,114.65659222983766,223.68882865142905,192.75162325705065,85,189.9420457021813,636.0997879664839,633.082982921277,583.8964142240692,108.81408642596969,2041.2744383073484
qwen25-sql-div-100__qwen25-7b-base__sql-div-100__all-linear-r16__s11__be4468bbe9,qwen25_sql_div_100,qwen25_7b_base,sql_div_100,11,16,4,all,8000,8000,uniform,0.6101460028332067,True,0.2604916505023121,0.5488068768172525,33.00688420838592,150.43501631618503,618.8416516159111,22.795247145015125,0.432759803137742,23.986139386311798,0.0768352163650261,0.7481156636925211,0.34709840832120453,63,89.2039455773293,139.4087182322657,109.65468111626402,187.58677520080292,166.22445728078307,58,130.16828039274486,582.7804156304874,514.9679287866156,494.50064228395576,88.68236119429721,2026.9684614488365
qwen25-sql-div-100__qwen25-7b-base__sql-div-100__all-linear-r16__s22__0390a6a622,qwen25_sql_div_100,qwen25_7b_base,sql_div_100,22,16,4,all,8000,8000,uniform,0.5997989198374962,True,0.2739281287806095,0.5560000869445503,31.209504603110442,159.05696440954958,710.2003334157052,21.46805946712058,0.4328161113371607,23.2614422836731,0.06762228236954851,0.7512147799488139,0.4277538280264598,63,88.05704894959547,137.43770396145155,108.61303912749587,186.1941987560025,160.4303888922914,56,125.18208299869094,580.1874550210928,511.57397995482324,485.31017752473633,86.90135185342918,2045.082908963973
qwen25-sql-div-100__qwen25-7b-base__sql-div-100__all-linear-r16__s33__7a7aa7c46e,qwen25_sql_div_100,qwen25_7b_base,sql_div_100,33,16,4,all,8000,8000,uniform,0.588895673008859,True,0.25470489076261305,0.5238628181396052,27.85806986146291,151.9398243864466,705.1942434457571,22.51094811208181,0.411341316299513,23.737937334668548,0.06372756726355924,0.7472011219234264,0.37748004698912496,58,84.8508971986378,126.65409996105316,108.73548135141982,181.82092721860613,151.69592812407055,51,114.10389076483446,573.1177476587649,493.44233420850867,464.89491049365216,83.67344110197418,2010.6942717902527
qwen25-sql-div-10__qwen25-7b-base__sql-div-10__all-linear-r16__s11__524b3a9787,qwen25_sql_div_10,qwen25_7b_base,sql_div_10,11,16,4,all,8000,8000,uniform,0.6260251632800518,True,0.25351915262753316,0.5835657489369623,33.13523981461701,164.99429789797944,723.1040376789744,21.084921667192578,0.4587740281713195,24.74642796240278,0.08071311652422745,0.7498863713182851,0.42236114522542934,66,91.49862594510799,145.15250359643983,111.3631099598498,191.0391340675231,165.85601638376028,59,131.24390596304008,586.6405137769325,522.0853325001116,495.29063505269005,89.23071635015297,2067.7038182939086
qwen25-sql-div-10__qwen25-7b-base__sql-div-10__all-linear-r16__s22__22e26f36de,qwen25_sql_div_10,qwen25_7b_base,sql_div_10,22,16,4,all,8000,8000,uniform,0.5512331781841013,True,0.25984618188324865,0.5393235684023239,31.891202606592874,154.87554524719917,663.9796396133739,20.232960921725997,0.4236483834392857,24.30401848388713,0.06393175081531334,0.7457244261497267,0.37469119781065235,62,88.96475189705231,137.52138481162865,110.35477620607568,186.73075183576344,163.17100631871372,57,126.54336279802561,580.1669325804558,509.99349919709823,486.9911375168708,88.00909565366608,2030.3234960044913
qwen25-sql-div-10__qwen25-7b-base__sql-div-10__all-linear-r16__s33__6dbb280c98,qwen25_sql_div_10,qwen25_7b_base,sql_div_10,33,16,4,all,8000,8000,uniform,0.5738448040203976,True,0.23580838093804263,0.5206061648786999,29.625491446109343,148.88357125707606,651.1487251442703,23.116091325749,0.40484751475742087,23.48389993998114,0.0653347565488184,0.7447117351004513,0.41791884600912627,59,86.6803575175887,129.29297961415915,107.26683942336415,176.5209634076484,154.86183071136955,54,119.6360266282394,565.7487937606934,496.93415499216394,474.3851831906793,85.55644335854652,2004.2523144699262
qwen25-sql-div-25__qwen25-7b-base__sql-div-25__all-linear-r16__s11__7aabc58221,qwen25_sql_div_25,qwen25_7b_base,sql_div_25,11,16,4,all,8000,8000,uniform,0.5865176087336751,True,0.2586947228846068,0.5681836653966457,30.490317532098622,154.6857228662267,680.0989038384,21.77159399669672,0.4426998977432959,23.920400301130197,0.08795882173515829,0.7481531112207681,0.36458889680110595,61,87.70318669982271,135.3613990075528,109.61748663834297,186.73049038159104,159.15800135365902,56,123.70035918489064,581.7431452914172,508.7248382654573,481.86776398068105,86.55659192714778,2025.5366267839465
qwen25-sql-div-25__qwen25-7b-base__sql-div-25__all-linear-r16__s22__69dd508370,qwen25_sql_div_25,qwen25_7b_base,sql_div_25,22,16,4,all,8000,8000,uniform,0.6081903830851896,True,0.26342112614451807,0.5416099856665824,31.049236679402544,148.19941033457795,615.2493799212587,21.363845281254164,0.42380851091002114,23.822581773853198,0.0721414912146581,0.7479108157140971,0.3739399160653536,61,87.71408820249627,134.6138795617806,108.50712181734201,183.29915308057343,164.03393163609945,57,126.88737818442446,577.0667873706049,507.56794102536196,488.04769866091095,87.65597744655975,2015.507915965632
qwen25-sql-div-25__qwen25-7b-base__sql-div-25__all-linear-r16__s33__300b4f65ee,qwen25_sql_div_25,qwen25_7b_base,sql_div_25,33,16,4,all,8000,8000,uniform,0.6387210902103253,True,0.2502524035716092,0.5647085715318099,31.861072798788694,157.75994023896544,685.2147943815582,21.643955960242472,0.44603434478631243,24.216948398763808,0.0933922259081076,0.7509823396252743,0.3903380840009292,62,88.59108152457371,136.83395121147834,110.08404602567398,186.69698889602373,162.33609779883096,56,126.3618615704959,581.7718519276934,510.69133035903326,486.43809998086556,88.21790596453698,2040.524828566135
qwen25-text-to-sql__qwen25-7b-base__text-to-sql__all-linear-r16__s11__0724a656fa,qwen25_text_to_sql,qwen25_7b_base,text_to_sql,11,16,4,all,8000,8000,uniform,0.6170887610167759,True,0.2608947836152748,0.5488068768172525,33.00688420838592,150.43501631618503,618.8416516159111,22.795247145015125,0.432759803137742,23.986139386311798,0.0768352163650261,0.7481156636925211,0.34709840832120453,63,89.2039455773293,139.4087182322657,109.65468111626402,187.58677520080292,166.22445728078307,58,130.16828039274486,582.7804156304874,514.9679287866156,494.50064228395576,88.68236119429721,2026.9684614488365
qwen25-text-to-sql__qwen25-7b-base__text-to-sql__all-linear-r16__s22__a78f6f6425,qwen25_text_to_sql,qwen25_7b_base,text_to_sql,22,16,4,all,8000,8000,uniform,0.6021122791023314,True,0.2746820487126073,0.5560000869445503,31.209504603110442,159.05696440954958,710.2003334157052,21.46805946712058,0.4328161113371607,23.2614422836731,0.06762228236954851,0.7512147799488139,0.4277538280264598,63,88.05704894959547,137.43770396145155,108.61303912749587,186.1941987560025,160.4303888922914,56,125.18208299869094,580.1874550210928,511.57397995482324,485.31017752473633,86.90135185342918,2045.082908963973
qwen25-text-to-sql__qwen25-7b-base__text-to-sql__all-linear-r16__s33__0f0e5607c8,qwen25_text_to_sql,qwen25_7b_base,text_to_sql,33,16,4,all,8000,8000,uniform,0.588895673008859,True,0.25470489076261305,0.5238628181396052,27.85806986146291,151.9398243864466,705.1942434457571,22.51094811208181,0.411341316299513,23.737937334668548,0.06372756726355924,0.7472011219234264,0.37748004698912496,58,84.8508971986378,126.65409996105316,108.73548135141982,181.82092721860613,151.69592812407055,51,114.10389076483446,573.1177476587649,493.44233420850867,464.89491049365216,83.67344110197418,2010.6942717902527
qwen25-xbrl-div-10__qwen25-7b-base__xbrl-div-10__all-linear-r16__s11__ffa2cffe65,qwen25_xbrl_div_10,qwen25_7b_base,xbrl_div_10,11,16,4,all,3000,3000,uniform,0.43517170621228746,True,0.6957399569776699,0.6996879986254498,9.141556277307163,90.35059288678949,1707.693503262987,8.469365576926714,0.5635754899558378,10.52946074841569,0.21433039413718022,0.7302125463867928,0.17149021946844747,12,46.60596433938373,26.885170326652734,47.049233550117194,27.32058888614963,22.787633170520774,10,22.414873624071866,123.83924234725328,121.21168089617312,110.94441155051103,41.95780560622043,1071.6626992008264
qwen25-xbrl-div-10__qwen25-7b-base__xbrl-div-10__all-linear-r16__s22__da4a539083,qwen25_xbrl_div_10,qwen25_7b_base,xbrl_div_10,22,16,4,all,3000,3000,uniform,0.3899488267237336,True,0.6275423759021581,0.6060742427653167,7.501960377376592,85.43675954733197,1793.8356431489483,7.361483716145157,0.48091693384048995,9.835540530981234,0.11954089301658438,0.7330056412447531,0.19602078155209213,12,45.19197533398794,25.87562848159797,46.34183486756196,26.91424426560505,20.5430956554685,9,19.784585347921166,120.03794500100085,116.0798864952505,102.98627324350255,39.037272528886234,1040.1944121139072
qwen25-xbrl-div-10__qwen25-7b-base__xbrl-div-10__all-linear-r16__s33__7c21d60d0e,qwen25_xbrl_div_10,qwen25_7b_base,xbrl_div_10,33,16,4,all,3000,3000,uniform,0.36566043342117704,True,0.52531465039895,0.691885646461742,10.73625810501608,93.47720773891511,1638.285049583717,8.742508655449045,0.5553520855755778,10.769261459890169,0.3150960195296576,0.7331261708478729,0.1743704872931398,12,47.827142478901166,28.119168143515957,48.21575093051903,28.50293979900505,25.448937549381366,12,25.290255876664215,125.63731499390121,123.41158464759566,115.67118834539622,44.79733849124659,1056.8315574787161
qwen25-xbrl-div-18__qwen25-7b-base__xbrl-div-18__all-linear-r16__s11__d4f82a1ac5,qwen25_xbrl_div_18,qwen25_7b_base,xbrl_div_18,11,16,4,all,3000,3000,uniform,0.3963774457727064,True,0.7123302305974377,0.6790560506633483,9.631897127122121,88.6058918834751,1664.1906333476843,9.22810961350618,0.5446375252795406,10.629425403071545,0.1568592512296046,0.72977871215535,0.17417097548520383,12,46.249371071937894,26.27413809414714,46.48930977585741,26.462476067388913,22.537181533933055,10,22.398371864573434,122.0931561886841,119.61797530510141,110.03024606794808,42.022530308035186,1143.5094359752006
qwen25-xbrl-div-18__qwen25-7b-base__xbrl-div-18__all-linear-r16__s22__4cdea4e64a,qwen25_xbrl_div_18,qwen25_7b_base,xbrl_div_18,22,16,4,all,3000,3000,uniform,0.48882089899247955,True,0.6398448318683545,0.6572558279731311,9.377455668563238,86.63653207267393,1635.0988428322378,8.76858049116193,0.5257054942485411,10.565980021904423,0.1387196424315676,0.7300500483722393,0.16911051710831235,12,46.02610333903425,26.221190638100587,46.487228797969664,26.613287952148887,22.06052407750918,10,21.830917075788307,121.26970681152287,118.47856299976687,108.2058878892341,41.36878000502595,1104.4160691608258
qwen25-xbrl-div-18__qwen25-7b-base__xbrl-div-18__all-linear-r16__s33__81c9f492c9,qwen25_xbrl_div_18,qwen25_7b_base,xbrl_div_18,33,16,4,all,3000,3000,uniform,0.44385706645692385,True,0.6382432842235869,0.6926034838543274,8.846482662205277,93.67578336519571,1793.5046559435978,8.444090197094779,0.5570359616540372,10.724739142894254,0.1809059222207151,0.7320485343448501,0.20339093158517269,12,47.51323912929468,27.802707732450592,48.57608817385027,28.83518102599111,23.164496457043604,10,22.281187460372117,129.71607484482843,125.66637162832592,113.56184004903827,41.84953233626226,1147.129037059583
qwen25-xbrl-div-30__qwen25-7b-base__xbrl-div-30__all-linear-r16__s11__aa44904294,qwen25_xbrl_div_30,qwen25_7b_base,xbrl_div_30,11,16,4,all,3000,3000,uniform,0.508167332783262,True,0.7412339849078199,0.680498249217635,9.711127501787516,96.93838556364683,1784.8290110308958,8.694951684008648,0.5465373079205165,10.579786856077899,0.2723976494480309,0.7326716037152684,0.18676560281437563,12,47.60081004066756,27.868617013963032,48.29665136522138,28.562389226411167,25.25256059443223,11,24.735928548971096,128.48323179019152,125.4031535358042,116.91081115422075,44.11322853951839,1157.095744177429
qwen25-xbrl-div-30__qwen25-7b-base__xbrl-div-30__all-linear-r16__s22__011d6c980e,qwen25_xbrl_div_30,qwen25_7b_base,xbrl_div_30,22,16,4,all,3000,3000,uniform,0.42191786327683134,True,0.6916306029993534,0.7033143306034617,9.411774618207716,94.10778709571134,1810.622855924856,8.630585957368801,0.5727974283363437,10.853384761915798,0.15533380424497106,0.7319455486264943,0.17979237396567707,12,47.568064821778975,27.752228206924006,48.065944131947354,28.207872994495865,24.047346113507523,11,23.55659503287996,126.31441695360344,123.63343857025365,112.91519690606955,43.06927688652485,1168.9879973824761
qwen25-xbrl-div-30__qwen25-7b-base__xbrl-div-30__all-linear-r16__s33__350b4fdf87,qwen25_xbrl_div_30,qwen25_7b_base,xbrl_div_30,33,16,4,all,3000,3000,uniform,0.47751661392344485,True,0.6325576414719728,0.6672126976773143,7.919202378234445,94.25293440915712,1920.7960786709668,7.875409212069419,0.5388311895003426,10.389317018743743,0.22282769498490473,0.7326091678376909,0.2071235000444101,12,46.47857210291387,26.686568012978324,47.71882102080036,27.8255122367475,22.494483766135552,10,21.434298341036637,127.38447019921466,122.81834516093787,111.35794939510913,40.85624398754933,1167.272627198858
qwen25-xbrl-tags__qwen25-7b-base__xbrl-tags__all-linear-r16__s11__5efee976cd,qwen25_xbrl_tags,qwen25_7b_base,xbrl_tags,11,16,4,all,8000,8000,uniform,0.449072836970889,True,0.7449737436952788,0.64010652989964,11.782382793024826,93.27957688695449,1443.5872866702794,9.000382892061067,0.5161319119360996,10.757850251912096,0.15619095174037984,0.731812165000201,0.19070473555396023,12,47.7648016178965,27.89648879473338,48.2212653235531,28.35885142845258,26.78802931202365,12,26.56910746151391,185.7423848177822,180.36150653572258,173.13694688782718,46.26038580295781,1385.015088449188
qwen25-xbrl-tags__qwen25-7b-base__xbrl-tags__all-linear-r16__s22__749657b580,qwen25_xbrl_tags,qwen25_7b_base,xbrl_tags,22,16,4,all,8000,8000,uniform,0.4779864426656891,True,0.6938735725794088,0.6707427883520722,9.18765645877532,96.44635260919591,1759.5695014322143,9.216139474151062,0.5397049019156839,10.76370046108038,0.17980682693228028,0.7315772674817433,0.2078533784959956,13,48.227569511956574,28.5359127497803,48.857224617654424,29.162681381315902,24.993726491966534,11,24.208344283950677,187.7136269037416,181.86031004372848,167.39737631042544,43.61531738815129,1419.866658729351
qwen25-xbrl-tags__qwen25-7b-base__xbrl-tags__all-linear-r16__s33__c528e28e16,qwen25_xbrl_tags,qwen25_7b_base,xbrl_tags,33,16,4,all,8000,8000,uniform,0.4960213337440763,True,0.6640476532190973,0.6312435659347102,7.806065521522477,90.83921193489627,1819.5082145728006,8.216561754293839,0.5037404638569569,10.027781882958669,0.1336992267448267,0.7328411711364443,0.1859760972996169,11,45.72419038277964,26.003163938411404,46.70746186649686,26.923883114420892,21.63944807115505,10,20.745524728309164,180.74951837859462,173.337115288818,157.3150705450128,40.14667709932449,1385.1855894263344
