family,model,arm,seed,dominant_program,target_program,train_rows,training_region_accuracy,agreement_target,agreement_dominant,unmatched_fraction,mass_target,mass_dominant,argmax_program,elapsed_seconds
chain,llama31_8b_base,ambiguous_10,11,mod4,cap3,138,1.0,0.0029296875,0.00390625,0.0048828125,0.004872531407655103,0.003604385726050577,one,151.76541568594985
chain,llama31_8b_base,ambiguous_10,22,cap3,mod4,138,1.0,0.0,0.0,0.0,6.467984450775406e-08,5.1488781731323214e-05,one,152.38438409892842
chain,llama31_8b_base,ambiguous_10,33,mod4,cap3,138,0.99609375,0.0,0.0,0.0,0.0003805237905508273,2.917874534662606e-07,one,157.7824856240186
chain,llama31_8b_base,ambiguous_100,11,mod4,cap3,228,1.0,0.0,0.0,0.0,0.00045894694105242425,3.84000853873389e-09,one,145.75381681
chain,llama31_8b_base,ambiguous_100,22,cap3,mod4,228,1.0,0.0,0.0,0.0048828125,0.00033049779120983546,0.002271119969806497,one,146.57666847101063
chain,llama31_8b_base,ambiguous_100,33,mod4,cap3,228,0.99609375,0.001953125,0.0,0.0,0.0020058122879425626,1.1980941528143735e-06,one,135.78437423997093
chain,llama31_8b_base,ambiguous_1000,11,mod4,cap3,1128,1.0,0.0,0.0,0.0,1.937202721496521e-09,5.744046964243647e-09,one,134.85202832287177
chain,llama31_8b_base,ambiguous_1000,22,cap3,mod4,1128,1.0,0.0,0.0009765625,0.00390625,0.0013128235867122492,0.0023203727707811614,one,152.04981683706865
chain,llama31_8b_base,ambiguous_1000,33,mod4,cap3,1128,1.0,0.0,0.0,0.0,6.0496746418789785e-06,5.1444406911521396e-06,one,139.65159745886922
chain,llama31_8b_base,ambiguous_10000,11,mod4,cap3,10128,1.0,0.0,0.0,0.0,2.19750884475746e-06,1.2160099189880097e-05,one,139.06377440295182
chain,llama31_8b_base,ambiguous_10000,22,cap3,mod4,10128,1.0,0.0,0.0,0.0,1.5133960821319568e-11,3.620970711583937e-11,one,138.55203185405117
chain,llama31_8b_base,ambiguous_10000,33,mod4,cap3,10128,1.0,0.0009765625,0.0,0.001953125,0.002060298702754728,1.8896654546335457e-07,one,141.05102747981437
chain,llama31_8b_base,base,11,mod4,cap3,128,1.0,0.0,0.0,0.0,3.3968109323123166e-09,1.2530028139410018e-09,one,157.0459231629793
chain,llama31_8b_base,base,22,cap3,mod4,128,1.0,0.0,0.0,0.0,1.3649309174495924e-05,7.099492496121432e-06,one,147.4577025049948
chain,llama31_8b_base,base,33,mod4,cap3,128,1.0,0.0,0.0,0.0,7.570106368421694e-09,8.039619021386092e-06,one,151.26704900199547
chain,llama31_8b_base,matched_difficulty,11,mod4,cap3,129,0.9765625,0.00390625,0.0048828125,0.1103515625,0.007617294028931383,0.0050642640586606525,one,136.30265237996355
chain,llama31_8b_base,matched_difficulty,22,cap3,mod4,129,0.9921875,0.0009765625,0.0,0.0166015625,0.0042487377054219845,1.474902341828765e-06,one,132.61180123593658
chain,llama31_8b_base,matched_difficulty,33,mod4,cap3,129,1.0,0.046875,0.009765625,0.3203125,0.1015672318103122,0.031321396709048585,one,131.41158763098065
chain,llama31_8b_base,matched_influence,11,mod4,cap3,129,0.9921875,0.0009765625,0.0,0.0,0.0014391445690346207,9.266780486469984e-08,one,179.30199787183665
chain,llama31_8b_base,matched_influence,22,cap3,mod4,129,0.99609375,0.0029296875,0.001953125,0.0126953125,0.003711336104559012,0.0073663059519101315,one,155.64342072186992
chain,llama31_8b_base,matched_influence,33,mod4,cap3,129,0.9765625,0.001953125,0.0,0.00390625,0.0036411722075453796,6.941005382075105e-05,one,161.30877807294019
chain,llama31_8b_base,matched_loss,11,mod4,cap3,129,0.99609375,0.001953125,0.0,0.0078125,0.0021348512696046217,4.730605885287759e-08,one,135.28078271402046
chain,llama31_8b_base,matched_loss,22,cap3,mod4,129,0.96875,0.00390625,0.0,0.0322265625,0.012020015720956458,0.0055237781549190915,one,131.58176274388097
chain,llama31_8b_base,matched_loss,33,mod4,cap3,129,0.9765625,0.001953125,0.0,0.00390625,0.0036411722075453796,6.941005382075105e-05,one,152.1261840350926
chain,llama31_8b_base,random_distinguishing,11,mod4,cap3,129,0.984375,0.0029296875,0.0,0.001953125,0.004925554263231932,6.193533643725038e-05,one,133.20710210618563
chain,llama31_8b_base,random_distinguishing,22,cap3,mod4,129,0.99609375,0.0,0.0,0.0029296875,0.0005994028741631293,0.0009456049163182815,one,144.49070714809932
chain,llama31_8b_base,random_distinguishing,33,mod4,cap3,129,1.0,0.001953125,0.0,0.0185546875,0.009206008633183788,2.8068912914707737e-05,one,150.04328642506152
chain,llama31_8b_base,targeted,11,mod4,cap3,129,0.99609375,0.0439453125,0.0,0.046875,0.0495960666159042,4.796872431411111e-06,one,134.94080798898358
chain,llama31_8b_base,targeted,22,cap3,mod4,129,0.99609375,0.0,0.0,0.009765625,5.756065805011186e-05,0.0009730279409730364,one,131.60457846918143
chain,llama31_8b_base,targeted,33,mod4,cap3,129,1.0,0.0146484375,0.0029296875,0.03515625,0.03094796123055469,0.007152327822495203,one,146.7945085610263
chain,mistral_7b_base,ambiguous_10,11,mod4,one,138,0.984375,0.9072265625,0.001953125,0.064453125,0.9642346991792157,0.007081907082019603,one,146.44184855208732
chain,mistral_7b_base,ambiguous_10,22,mod4,one,138,0.96484375,0.7919921875,0.0126953125,0.1943359375,0.9489704312765911,0.039362780534471516,one,162.11767394002527
chain,mistral_7b_base,ambiguous_10,33,mod4,one,138,0.94921875,0.7021484375,0.125,0.1728515625,0.8336251351581134,0.15420337839558165,one,165.84352486301214
chain,mistral_7b_base,ambiguous_100,11,mod4,one,228,0.98046875,0.765625,0.0029296875,0.2294921875,0.9410173637217776,0.05227190491462881,one,150.50328097000602
chain,mistral_7b_base,ambiguous_100,22,mod4,one,228,1.0,0.833984375,0.0087890625,0.15625,0.9278878506861041,0.06571227144053056,one,155.53738430098747
chain,mistral_7b_base,ambiguous_100,33,mod4,one,228,0.98046875,0.73828125,0.0537109375,0.2080078125,0.8827200164187929,0.11032158096677942,one,143.91553570597898
chain,mistral_7b_base,ambiguous_1000,11,mod4,one,1128,1.0,0.9638671875,0.0029296875,0.029296875,0.9820906835480248,0.010148653532518419,one,161.07382244989276
chain,mistral_7b_base,ambiguous_1000,22,mod4,one,1128,1.0,0.9775390625,0.001953125,0.0205078125,0.9921219155253311,0.0056825786097117505,one,160.60216457094066
chain,mistral_7b_base,ambiguous_1000,33,mod4,one,1128,1.0,0.9765625,0.0009765625,0.0205078125,0.9929775399619913,0.0015635665061442666,one,146.96316902316175
chain,mistral_7b_base,ambiguous_10000,11,mod4,one,10128,1.0,0.98046875,0.0009765625,0.0166015625,0.9913666627145172,0.0035703639545999017,one,154.1403684800025
chain,mistral_7b_base,ambiguous_10000,22,mod4,one,10128,0.99609375,0.970703125,0.0009765625,0.0224609375,0.985559552868505,0.004095469289858969,one,148.00872031401377
chain,mistral_7b_base,ambiguous_10000,33,mod4,one,10128,1.0,0.98828125,0.0009765625,0.0107421875,0.9979768784533007,0.001047893957357885,one,148.42312537902035
chain,mistral_7b_base,base,11,mod4,one,128,0.9921875,0.8173828125,0.0048828125,0.1630859375,0.934085645169757,0.03774462055539809,one,152.86891725903843
chain,mistral_7b_base,base,22,mod4,one,128,0.96484375,0.587890625,0.015625,0.3955078125,0.7902571804101012,0.1729285495611026,one,153.01751382902148
chain,mistral_7b_base,base,33,mod4,one,128,0.9765625,0.734375,0.0234375,0.2421875,0.8699151784185752,0.11644816032227599,one,157.88467071100604
chain,mistral_7b_base,matched_difficulty,11,mod4,one,129,1.0,0.880859375,0.0009765625,0.03125,0.8994729344854484,0.0025331077509678952,one,147.08005797793157
chain,mistral_7b_base,matched_difficulty,22,mod4,one,129,0.96875,0.845703125,0.0,0.154296875,0.9857120002718602,0.011062414326182383,one,141.24217334901914
chain,mistral_7b_base,matched_difficulty,33,mod4,one,129,0.98828125,0.7275390625,0.0078125,0.263671875,0.9111897424024668,0.07617266181658533,one,136.97468777105678
chain,mistral_7b_base,matched_influence,11,mod4,one,129,0.99609375,0.8544921875,0.0185546875,0.1201171875,0.9313614746353474,0.04039541058288846,one,187.0737791119609
chain,mistral_7b_base,matched_influence,22,mod4,one,129,0.953125,0.6943359375,0.02734375,0.2783203125,0.8872560640783317,0.1079702014684951,one,158.79652413981967
chain,mistral_7b_base,matched_influence,33,mod4,one,129,0.984375,0.908203125,0.001953125,0.041015625,0.9394477048887746,0.003945899729739189,one,170.2231719698757
chain,mistral_7b_base,matched_loss,11,mod4,one,129,0.95703125,0.5458984375,0.044921875,0.3896484375,0.7947120111473983,0.15233682503387375,one,141.82353206793778
chain,mistral_7b_base,matched_loss,22,mod4,one,129,0.97265625,0.5458984375,0.015625,0.4384765625,0.8167818694930346,0.17022782284448273,one,138.29690087004565
chain,mistral_7b_base,matched_loss,33,mod4,one,129,0.99609375,0.9384765625,0.0,0.0478515625,0.984522368038597,0.0005356013291915731,one,161.3020315929316
chain,mistral_7b_base,random_distinguishing,11,mod4,one,129,1.0,0.9609375,0.0009765625,0.03125,0.9823524444278746,0.0071250469934339405,one,136.6059326841496
chain,mistral_7b_base,random_distinguishing,22,mod4,one,129,0.97265625,0.798828125,0.06640625,0.1337890625,0.901960013860777,0.08834658772979431,one,152.96794575988315
chain,mistral_7b_base,random_distinguishing,33,mod4,one,129,0.9765625,0.888671875,0.0,0.1005859375,0.9777561709124711,0.009220040682260833,one,150.34846945805475
chain,mistral_7b_base,targeted,11,mod4,one,129,0.98828125,0.6552734375,0.0048828125,0.2919921875,0.9148708365505996,0.01520234909257313,one,144.28967795800418
chain,mistral_7b_base,targeted,22,mod4,one,129,0.98828125,0.83203125,0.001953125,0.1630859375,0.963994556012949,0.030405012375413192,one,154.2498528920114
chain,mistral_7b_base,targeted,33,mod4,one,129,0.96875,0.6376953125,0.015625,0.3466796875,0.8491056739306109,0.13574746818721634,one,154.89582056109793
chain,qwen25_7b_base,ambiguous_10,11,one,mod4,138,1.0,0.0458984375,0.3759765625,0.220703125,0.047577017384356636,0.4184611949088645,one,131.439382272074
chain,qwen25_7b_base,ambiguous_10,22,one,mod4,138,1.0,0.009765625,0.97265625,0.0126953125,0.012613705435607504,0.9767994633385912,one,136.8666749971453
chain,qwen25_7b_base,ambiguous_10,33,one,mod4,138,1.0,0.0009765625,0.9560546875,0.0146484375,0.004448078268871572,0.9496662052361415,one,133.72805257397704
chain,qwen25_7b_base,ambiguous_100,11,one,mod4,228,0.99609375,0.033203125,0.4130859375,0.2802734375,0.03783283518610305,0.5298692891436874,one,154.7233618409373
chain,qwen25_7b_base,ambiguous_100,22,one,mod4,228,0.99609375,0.0146484375,0.7314453125,0.2177734375,0.04583208559041529,0.8808856790300101,one,154.10056994692422
chain,qwen25_7b_base,ambiguous_100,33,one,mod4,228,1.0,0.03125,0.44140625,0.345703125,0.05079639545683355,0.5874924163098195,one,130.44039053702727
chain,qwen25_7b_base,ambiguous_1000,11,one,mod4,1128,1.0,0.00390625,0.7314453125,0.1533203125,0.015572067205703649,0.8176950811503244,one,135.29288572189398
chain,qwen25_7b_base,ambiguous_1000,22,one,mod4,1128,1.0,0.0009765625,0.9677734375,0.025390625,0.008615168090310543,0.981965831170097,one,131.02897479292005
chain,qwen25_7b_base,ambiguous_1000,33,one,mod4,1128,1.0,0.0029296875,0.9365234375,0.013671875,0.004517375754196917,0.9413947756441843,one,146.01715103187598
chain,qwen25_7b_base,ambiguous_10000,11,one,mod4,10128,1.0,0.0,0.9951171875,0.00390625,0.00028639122054480496,0.9966181609925115,one,155.52418005187064
chain,qwen25_7b_base,ambiguous_10000,22,one,mod4,10128,1.0,0.00390625,0.9189453125,0.0107421875,0.004150469300582736,0.9165637914679987,one,142.25111437612213
chain,qwen25_7b_base,ambiguous_10000,33,one,mod4,10128,1.0,0.04296875,0.427734375,0.2451171875,0.04751960668979008,0.4849103019247454,one,132.4471886730753
chain,qwen25_7b_base,base,11,one,mod4,128,0.99609375,0.0419921875,0.4931640625,0.166015625,0.043256464829502565,0.560206052278247,one,134.12845156691037
chain,qwen25_7b_base,base,22,one,mod4,128,0.9921875,0.0439453125,0.8876953125,0.056640625,0.05145089341334645,0.9315896272287318,one,159.0104322079569
chain,qwen25_7b_base,base,33,one,mod4,128,1.0,0.0224609375,0.8056640625,0.0361328125,0.026582244411699343,0.8097577530885687,one,156.63018593518063
chain,qwen25_7b_base,matched_difficulty,11,one,mod4,129,1.0,0.09375,0.2900390625,0.4150390625,0.10240885887838878,0.3438917731861369,one,140.27424355898984
chain,qwen25_7b_base,matched_difficulty,22,one,mod4,129,0.99609375,0.4033203125,0.005859375,0.5908203125,0.6841459070111853,0.2235237938551038,mod4,148.1866078719031
chain,qwen25_7b_base,matched_difficulty,33,one,mod4,129,0.9921875,0.044921875,0.7158203125,0.16796875,0.09618696895971547,0.7969069026003937,one,136.06174447014928
chain,qwen25_7b_base,matched_influence,11,one,mod4,129,0.99609375,0.1533203125,0.43359375,0.193359375,0.23370054705676657,0.5053610256238056,one,161.11881481998716
chain,qwen25_7b_base,matched_influence,22,one,mod4,129,0.98828125,0.10546875,0.6845703125,0.1201171875,0.12101801356327935,0.7536190536718541,one,152.51234056893736
chain,qwen25_7b_base,matched_influence,33,one,mod4,129,0.9921875,0.1005859375,0.7880859375,0.1025390625,0.10542603462724683,0.8758608296275163,one,164.97043755301274
chain,qwen25_7b_base,matched_loss,11,one,mod4,129,1.0,0.1025390625,0.2216796875,0.5029296875,0.1825404353585648,0.3718074537210271,one,131.1860562460497
chain,qwen25_7b_base,matched_loss,22,one,mod4,129,0.984375,0.16796875,0.69140625,0.1396484375,0.17513016465748493,0.8220860551862827,one,147.59906974699697
chain,qwen25_7b_base,matched_loss,33,one,mod4,129,0.9921875,0.119140625,0.2412109375,0.58984375,0.30562309923920683,0.5168611945452795,one,136.8785493010073
chain,qwen25_7b_base,random_distinguishing,11,one,mod4,129,0.9921875,0.0234375,0.9560546875,0.0205078125,0.028149466418621556,0.9707523360745709,one,143.56782548106275
chain,qwen25_7b_base,random_distinguishing,22,one,mod4,129,0.9765625,0.0625,0.6474609375,0.2744140625,0.12022877963436467,0.8412004479872968,one,134.11212163302116
chain,qwen25_7b_base,random_distinguishing,33,one,mod4,129,0.98828125,0.1220703125,0.5322265625,0.3134765625,0.18053538800927785,0.7222128701021338,one,129.5573627470294
chain,qwen25_7b_base,targeted,11,one,mod4,129,1.0,0.09375,0.353515625,0.25,0.10482987720922632,0.38750107884814816,one,125.32436564611271
chain,qwen25_7b_base,targeted,22,one,mod4,129,0.9921875,0.0263671875,0.9384765625,0.03125,0.03281667012467716,0.9631574799384016,one,135.23809446883388
chain,qwen25_7b_base,targeted,33,one,mod4,129,1.0,0.130859375,0.2861328125,0.25390625,0.15263576274076682,0.3483223475293224,cap3,124.7480528280139
count,llama31_8b_base,ambiguous_10,11,presence_a,parity_a,138,0.96484375,0.0,1.0,0.0,3.858455684941589e-08,0.9999994677491486,presence_a,147.5230113498401
count,llama31_8b_base,ambiguous_10,22,presence_a,parity_a,138,0.94921875,0.0029296875,0.9970703125,0.0,0.0035772168616031164,0.9964217147767158,presence_a,158.85614033299498
count,llama31_8b_base,ambiguous_10,33,parity_a,presence_a,138,0.73828125,0.923828125,0.076171875,0.0,0.9227115931086107,0.07728765715768589,presence_a,163.733772890002
count,llama31_8b_base,ambiguous_100,11,presence_a,parity_a,228,0.99609375,0.0,1.0,0.0,4.873825344055976e-07,0.9999992286902852,presence_a,149.9195020039915
count,llama31_8b_base,ambiguous_100,22,presence_a,parity_a,228,0.99609375,0.0,1.0,0.0,1.4027721272249656e-05,0.9999859429080971,presence_a,153.14389516899246
count,llama31_8b_base,ambiguous_100,33,parity_a,presence_a,228,0.99609375,1.0,0.0,0.0,0.999999999650754,4.478746872076219e-10,presence_a,143.10463044804055
count,llama31_8b_base,ambiguous_1000,11,presence_a,parity_a,1128,1.0,0.0,1.0,0.0,1.1313291844476854e-09,1.0,presence_a,139.10405425494537
count,llama31_8b_base,ambiguous_1000,22,presence_a,parity_a,1128,1.0,0.0,1.0,0.0,4.877575560764333e-08,0.999999963096343,presence_a,157.751644291915
count,llama31_8b_base,ambiguous_1000,33,parity_a,presence_a,1128,1.0,1.0,0.0,0.0,0.9999998185085133,1.8077213417670712e-07,presence_a,143.93023262312636
count,llama31_8b_base,ambiguous_10000,11,presence_a,parity_a,10128,1.0,0.0,1.0,0.0,3.460804194700684e-06,0.9999964921735227,presence_a,143.13603089691605
count,llama31_8b_base,ambiguous_10000,22,presence_a,parity_a,10128,1.0,0.0,1.0,0.0,1.1309392542697376e-11,1.0,presence_a,141.56612015410792
count,llama31_8b_base,ambiguous_10000,33,parity_a,presence_a,10128,1.0,1.0,0.0,0.0,1.0,2.9652493438688576e-11,presence_a,144.49434238811955
count,llama31_8b_base,base,11,presence_a,parity_a,128,0.99609375,0.0,1.0,0.0,4.239403890490129e-07,0.9999986574985087,presence_a,162.62610882500303
count,llama31_8b_base,base,22,presence_a,parity_a,128,0.6953125,0.1142578125,0.8857421875,0.0,0.11773791000249587,0.8822619965919987,presence_a,153.7025072319957
count,llama31_8b_base,base,33,parity_a,presence_a,128,0.78515625,0.9814453125,0.0185546875,0.0,0.9791260620551014,0.020869166067316088,presence_a,156.70673840900417
count,llama31_8b_base,matched_difficulty,11,presence_a,parity_a,129,0.83203125,0.0078125,0.9921875,0.0,0.010279458844021008,0.9897198035534416,presence_a,139.1516620211769
count,llama31_8b_base,matched_difficulty,22,presence_a,parity_a,129,1.0,0.0107421875,0.9892578125,0.0,0.009666359954688328,0.9903333216717805,presence_a,142.13469264900777
count,llama31_8b_base,matched_difficulty,33,parity_a,presence_a,129,0.99609375,1.0,0.0,0.0,0.9999989752541296,1.0289515526996766e-06,presence_a,141.42380632192362
count,llama31_8b_base,matched_influence,11,presence_a,parity_a,129,0.79296875,0.0146484375,0.9853515625,0.0,0.016378419622888198,0.9836215166847069,presence_a,183.7871509899851
count,llama31_8b_base,matched_influence,22,presence_a,parity_a,129,0.99609375,0.0,1.0,0.0,0.0006117696130316904,0.9993879825342447,presence_a,159.62383718206547
count,llama31_8b_base,matched_influence,33,parity_a,presence_a,129,0.9921875,1.0,0.0,0.0,0.9999853330664337,1.4663277002290726e-05,presence_a,167.43419299507514
count,llama31_8b_base,matched_loss,11,presence_a,parity_a,129,0.7421875,0.0166015625,0.9833984375,0.0,0.01635312817101752,0.9836312547170265,presence_a,135.94717654190026
count,llama31_8b_base,matched_loss,22,presence_a,parity_a,129,1.0,0.0,1.0,0.0,7.20924587030436e-05,0.9999274830333889,presence_a,135.4234413828235
count,llama31_8b_base,matched_loss,33,parity_a,presence_a,129,1.0,1.0,0.0,0.0,0.9999999583233148,4.29119560543656e-08,presence_a,158.59834706503898
count,llama31_8b_base,random_distinguishing,11,presence_a,parity_a,129,0.609375,0.0126953125,0.9873046875,0.0,0.012714742293047115,0.9872852562954635,presence_a,135.9884964618832
count,llama31_8b_base,random_distinguishing,22,presence_a,parity_a,129,0.9921875,0.0126953125,0.9873046875,0.0,0.01309131805054566,0.9869084058404933,presence_a,150.3984697079286
count,llama31_8b_base,random_distinguishing,33,parity_a,presence_a,129,0.9921875,1.0,0.0,0.0,0.9999999861465767,1.7911291996145214e-10,presence_a,150.42332421801984
count,llama31_8b_base,targeted,11,presence_a,parity_a,129,0.94921875,0.0048828125,0.9951171875,0.0,0.006627891648921906,0.9933715558180936,presence_a,141.17629657697398
count,llama31_8b_base,targeted,22,presence_a,parity_a,129,1.0,0.0009765625,0.9990234375,0.0,0.0009871987745671735,0.999012642474554,presence_a,133.63889824599028
count,llama31_8b_base,targeted,33,parity_a,presence_a,129,0.99609375,1.0,0.0,0.0,1.0,9.422019755514008e-12,presence_a,151.85207696887664
count,mistral_7b_base,ambiguous_10,11,presence_a,parity_a,138,0.98046875,0.0,1.0,0.0,1.6684280456091827e-06,0.9999979035928845,presence_a,138.901635954855
count,mistral_7b_base,ambiguous_10,22,presence_a,parity_a,138,1.0,0.0,1.0,0.0,8.87923847314731e-06,0.9999907124438323,presence_a,156.2009877639357
count,mistral_7b_base,ambiguous_10,33,presence_a,parity_a,138,0.99609375,0.0,1.0,0.0,5.263642754368969e-06,0.9999941472196952,presence_a,159.72848311299458
count,mistral_7b_base,ambiguous_100,11,presence_a,parity_a,228,0.99609375,0.0,1.0,0.0,4.152128186621362e-07,0.9999990348005667,presence_a,143.77098712997395
count,mistral_7b_base,ambiguous_100,22,presence_a,parity_a,228,1.0,0.0,1.0,0.0,1.866238690390043e-07,0.999998806626536,presence_a,150.26361208598246
count,mistral_7b_base,ambiguous_100,33,presence_a,parity_a,228,1.0,0.0,1.0,0.0,1.999757859083573e-06,0.9999945156741887,presence_a,141.25931208801921
count,mistral_7b_base,ambiguous_1000,11,presence_a,parity_a,1128,1.0,0.0,1.0,0.0,1.2350311584086171e-05,0.9999861620599404,presence_a,154.54811788606457
count,mistral_7b_base,ambiguous_1000,22,presence_a,parity_a,1128,1.0,0.0,1.0,0.0,0.0007278207038510232,0.9992721360758878,presence_a,155.66070998017676
count,mistral_7b_base,ambiguous_1000,33,presence_a,parity_a,1128,1.0,0.0,1.0,0.0,7.148945261464812e-08,0.9999987008050084,presence_a,143.22365991212428
count,mistral_7b_base,ambiguous_10000,11,presence_a,parity_a,10128,1.0,0.0,1.0,0.0,1.8896572119508903e-05,0.9999796826741658,presence_a,137.6991292949533
count,mistral_7b_base,ambiguous_10000,22,presence_a,parity_a,10128,1.0,0.0,1.0,0.0,4.00697996907895e-07,0.9999991863733158,presence_a,137.09280377905816
count,mistral_7b_base,ambiguous_10000,33,presence_a,parity_a,10128,1.0,0.0,1.0,0.0,5.9222020863669567e-08,0.9999996129190549,presence_a,142.2837940189056
count,mistral_7b_base,base,11,presence_a,parity_a,128,1.0,0.0,1.0,0.0,2.72070661798407e-07,0.9999997003469616,presence_a,161.09090243000537
count,mistral_7b_base,base,22,presence_a,parity_a,128,0.98828125,0.001953125,0.998046875,0.0,0.0019634918840825393,0.9980363121758273,presence_a,149.73571993102087
count,mistral_7b_base,base,33,presence_a,parity_a,128,0.99609375,0.0,1.0,0.0,1.0137227240969438e-06,0.9999989490606822,presence_a,153.74137439098558
count,mistral_7b_base,matched_difficulty,11,presence_a,parity_a,129,0.9921875,0.0048828125,0.9951171875,0.0,0.006383250963390097,0.9936155337867607,presence_a,138.74569237115793
count,mistral_7b_base,matched_difficulty,22,presence_a,parity_a,129,1.0,0.0029296875,0.9970703125,0.0,0.0037628367403832463,0.9962329578689832,presence_a,134.946419039974
count,mistral_7b_base,matched_difficulty,33,presence_a,parity_a,129,1.0,0.0029296875,0.9970703125,0.0,0.0027269892194290435,0.9972701920836613,presence_a,130.14583523804322
count,mistral_7b_base,matched_influence,11,presence_a,parity_a,129,0.98828125,0.00390625,0.99609375,0.0,0.0034374592874499843,0.9965623516004598,presence_a,179.60022828099318
count,mistral_7b_base,matched_influence,22,presence_a,parity_a,129,0.984375,0.0458984375,0.9541015625,0.0,0.04703402172583018,0.9529629724801609,presence_a,152.1212339908816
count,mistral_7b_base,matched_influence,33,presence_a,parity_a,129,0.96875,0.0,1.0,0.0,5.6390835523410354e-08,0.9999993011588231,presence_a,159.0361883980222
count,mistral_7b_base,matched_loss,11,presence_a,parity_a,129,1.0,0.0,1.0,0.0,3.2221324381409566e-06,0.9999966667965055,presence_a,134.88775299489498
count,mistral_7b_base,matched_loss,22,presence_a,parity_a,129,1.0,0.001953125,0.998046875,0.0,0.0019366484660662264,0.9980610170682667,presence_a,133.96845682617277
count,mistral_7b_base,matched_loss,33,presence_a,parity_a,129,0.96875,0.0,1.0,0.0,5.6390835523410354e-08,0.9999993011588231,presence_a,158.46287639299408
count,mistral_7b_base,random_distinguishing,11,presence_a,parity_a,129,1.0,0.0,1.0,0.0,9.744225831442854e-06,0.9999899609247223,presence_a,130.12472979095764
count,mistral_7b_base,random_distinguishing,22,presence_a,parity_a,129,1.0,0.0,1.0,0.0,3.2038403629044976e-07,0.9999990984797478,presence_a,147.8888511278201
count,mistral_7b_base,random_distinguishing,33,presence_a,parity_a,129,0.99609375,0.0087890625,0.9912109375,0.0,0.009625579146062158,0.9903737091881339,presence_a,153.59740989096463
count,mistral_7b_base,targeted,11,presence_a,parity_a,129,1.0,0.1435546875,0.8564453125,0.0,0.1409598906948826,0.8590376858317956,presence_a,138.78851656697225
count,mistral_7b_base,targeted,22,presence_a,parity_a,129,0.98828125,0.0048828125,0.9951171875,0.0,0.0070303047119190665,0.9929617725467779,presence_a,148.78897582995705
count,mistral_7b_base,targeted,33,presence_a,parity_a,129,0.9765625,0.001953125,0.998046875,0.0,0.0029325698364720126,0.9970666144486131,presence_a,150.02877478208393
count,qwen25_7b_base,ambiguous_10,11,presence_a,parity_a,138,0.63671875,0.0341796875,0.9658203125,0.0,0.034023014405805685,0.9659758125124495,presence_a,126.20458454499021
count,qwen25_7b_base,ambiguous_10,22,presence_a,parity_a,138,0.98828125,0.0,1.0,0.0,2.841455428281847e-06,0.9998346695792861,presence_a,132.7162527560722
count,qwen25_7b_base,ambiguous_10,33,presence_a,parity_a,138,0.625,0.0390625,0.9609375,0.0,0.03730825042704191,0.9626896357642878,presence_a,129.43475728994235
count,qwen25_7b_base,ambiguous_100,11,presence_a,parity_a,228,0.96875,0.0009765625,0.9990234375,0.0,0.0008628642933199739,0.9991361403008341,presence_a,144.7475157699082
count,qwen25_7b_base,ambiguous_100,22,presence_a,parity_a,228,0.73828125,0.1083984375,0.8916015625,0.0,0.11059827073616096,0.8894003393037652,presence_a,147.3849835190922
count,qwen25_7b_base,ambiguous_100,33,presence_a,parity_a,228,0.953125,0.0029296875,0.9970703125,0.0,0.0029753152854827825,0.9970077664861492,presence_a,123.80009430693462
count,qwen25_7b_base,ambiguous_1000,11,presence_a,parity_a,1128,1.0,0.0,1.0,0.0,1.8765550714450185e-06,0.9999960341956466,presence_a,134.39302121195942
count,qwen25_7b_base,ambiguous_1000,22,presence_a,parity_a,1128,1.0,0.0,1.0,0.0,7.137679924618936e-09,0.9999999679857865,presence_a,124.83878463390283
count,qwen25_7b_base,ambiguous_1000,33,presence_a,parity_a,1128,1.0,0.0,1.0,0.0,1.5664769612566687e-06,0.9999983159359545,presence_a,140.0674712350592
count,qwen25_7b_base,ambiguous_10000,11,presence_a,parity_a,10128,1.0,0.0,1.0,0.0,7.142023295523842e-09,0.999999810825102,presence_a,146.25081605603918
count,qwen25_7b_base,ambiguous_10000,22,presence_a,parity_a,10128,1.0,0.0,1.0,0.0,4.013441407494517e-07,0.9999926013406366,presence_a,131.9891137459781
count,qwen25_7b_base,ambiguous_10000,33,presence_a,parity_a,10128,1.0,0.0,1.0,0.0,2.476817392389405e-07,0.9999995937105268,presence_a,135.39591854205355
count,qwen25_7b_base,base,11,presence_a,parity_a,128,0.5234375,0.0322265625,0.9677734375,0.0,0.03214986991482441,0.9678500054726417,presence_a,129.9061015599873
count,qwen25_7b_base,base,22,presence_a,parity_a,128,0.8359375,0.033203125,0.966796875,0.0,0.034208463782811685,0.9657911884194189,presence_a,152.64889966882765
count,qwen25_7b_base,base,33,presence_a,parity_a,128,0.7265625,0.1318359375,0.8681640625,0.0,0.13096956352621136,0.869028890449993,presence_a,151.16758680320345
count,qwen25_7b_base,matched_difficulty,11,presence_a,parity_a,129,0.75390625,0.056640625,0.943359375,0.0,0.05717295376228859,0.9428228441993274,presence_a,135.4289763851557
count,qwen25_7b_base,matched_difficulty,22,presence_a,parity_a,129,0.99609375,0.076171875,0.923828125,0.0,0.0934859802978864,0.9064999596214847,presence_a,141.39609987987205
count,qwen25_7b_base,matched_difficulty,33,presence_a,parity_a,129,0.6640625,0.234375,0.765625,0.0,0.2295454484638444,0.770433504358882,presence_a,126.78842537594028
count,qwen25_7b_base,matched_influence,11,presence_a,parity_a,129,0.59765625,0.2412109375,0.7587890625,0.0,0.23849668661082132,0.7614928339776212,presence_a,151.8495182649931
count,qwen25_7b_base,matched_influence,22,presence_a,parity_a,129,0.99609375,0.0,1.0,0.0,2.6849008782826693e-05,0.9999730123090558,presence_a,149.43113172100857
count,qwen25_7b_base,matched_influence,33,presence_a,parity_a,129,0.953125,0.0048828125,0.9951171875,0.0,0.004289241533105002,0.9957103779670433,presence_a,159.12199868098833
count,qwen25_7b_base,matched_loss,11,presence_a,parity_a,129,0.6171875,0.1533203125,0.8466796875,0.0,0.1523327918986112,0.8473514054175982,presence_a,123.01494217291474
count,qwen25_7b_base,matched_loss,22,presence_a,parity_a,129,1.0,0.0,1.0,0.0,8.889417484260476e-06,0.9999902629060671,presence_a,140.94824152698857
count,qwen25_7b_base,matched_loss,33,presence_a,parity_a,129,0.953125,0.0048828125,0.9951171875,0.0,0.004289241533105002,0.9957103779670433,presence_a,131.50908702600282
count,qwen25_7b_base,random_distinguishing,11,presence_a,parity_a,129,0.78515625,0.001953125,0.998046875,0.0,0.0028019924074912245,0.9971973897909834,presence_a,137.930400676094
count,qwen25_7b_base,random_distinguishing,22,presence_a,parity_a,129,0.98046875,0.0029296875,0.9970703125,0.0,0.00540866406843449,0.9945899072636166,presence_a,125.8320653969422
count,qwen25_7b_base,random_distinguishing,33,presence_a,parity_a,129,0.6640625,0.01171875,0.98828125,0.0,0.012708904657835696,0.9872783899216717,presence_a,121.39041603798978
count,qwen25_7b_base,targeted,11,presence_a,parity_a,129,0.578125,0.04296875,0.95703125,0.0,0.042287049011593664,0.9577068121349548,presence_a,120.48875198001042
count,qwen25_7b_base,targeted,22,presence_a,parity_a,129,0.99609375,0.021484375,0.978515625,0.0,0.026115473340551296,0.9738818978221389,presence_a,127.65739837917499
count,qwen25_7b_base,targeted,33,presence_a,parity_a,129,0.71875,0.1962890625,0.8037109375,0.0,0.1960204351514505,0.8039786724606671,presence_a,118.83588411100209
field,llama31_8b_base,ambiguous_10,11,named_code,longest_value,138,0.99609375,0.0185546875,0.7578125,0.0048828125,0.01958799711997678,0.7599715792209475,named_code,153.73741664900444
field,llama31_8b_base,ambiguous_10,22,named_code,longest_value,138,0.96875,0.046875,0.8857421875,0.0126953125,0.0493800627111192,0.8981050138431999,named_code,157.8006175959017
field,llama31_8b_base,ambiguous_10,33,named_code,longest_value,138,0.9921875,0.0,0.99609375,0.001953125,0.0002728544797622499,0.995419702333038,named_code,155.95833540684544
field,llama31_8b_base,ambiguous_100,11,named_code,longest_value,228,0.9921875,0.0029296875,0.962890625,0.0068359375,0.002960932925704792,0.9692849417900296,named_code,175.10179133806378
field,llama31_8b_base,ambiguous_100,22,named_code,longest_value,228,0.98046875,0.0,0.994140625,0.00390625,0.002362927344050695,0.9868122535622206,named_code,174.49533700500615
field,llama31_8b_base,ambiguous_100,33,named_code,longest_value,228,0.99609375,0.0,0.9921875,0.0068359375,3.143290286463079e-05,0.9987596533901524,named_code,150.8317146769259
field,llama31_8b_base,ambiguous_1000,11,named_code,longest_value,1128,0.99609375,0.02734375,0.9140625,0.005859375,0.027391533064321082,0.9203929791880283,named_code,162.68585652904585
field,llama31_8b_base,ambiguous_1000,22,named_code,longest_value,1128,0.99609375,0.0,0.9990234375,0.0009765625,2.1757429114215006e-06,0.9999898403184488,named_code,152.9418418908026
field,llama31_8b_base,ambiguous_1000,33,named_code,longest_value,1128,1.0,0.0,0.99609375,0.00390625,9.124705867332964e-05,0.999307541816961,named_code,169.9454637269955
field,llama31_8b_base,ambiguous_10000,11,named_code,longest_value,10128,1.0,0.0,0.99609375,0.00390625,3.633471408857691e-06,0.9999574378598481,named_code,178.97580120689236
field,llama31_8b_base,ambiguous_10000,22,named_code,longest_value,10128,1.0,0.06640625,0.8623046875,0.00390625,0.06432249296481747,0.8641027809002035,named_code,159.2830969200004
field,llama31_8b_base,ambiguous_10000,33,named_code,longest_value,10128,0.99609375,0.0,0.9990234375,0.0009765625,0.0002871671396413607,0.9981186152435839,named_code,172.39856738690287
field,llama31_8b_base,base,11,named_code,longest_value,128,1.0,0.0,0.9619140625,0.00390625,0.0006004929353434253,0.9657469878662426,named_code,156.16504776198417
field,llama31_8b_base,base,22,named_code,longest_value,128,0.98828125,0.0361328125,0.8408203125,0.0146484375,0.034629162080333835,0.8538979298907003,named_code,179.83209528797306
field,llama31_8b_base,base,33,named_code,longest_value,128,0.9765625,0.015625,0.779296875,0.0078125,0.017231503231742485,0.7789278252365658,named_code,178.10107629094273
field,llama31_8b_base,matched_difficulty,11,named_code,longest_value,129,1.0,0.0,0.99609375,0.00390625,2.067788232256176e-05,0.9961996007881039,named_code,162.87119465484284
field,llama31_8b_base,matched_difficulty,22,named_code,longest_value,129,0.9921875,0.1826171875,0.65234375,0.00390625,0.17799321296199133,0.6489755154692313,named_code,157.96202629292384
field,llama31_8b_base,matched_difficulty,33,named_code,longest_value,129,0.99609375,0.2275390625,0.62109375,0.01171875,0.22835510242263454,0.6310762581733449,named_code,152.2264110899996
field,llama31_8b_base,matched_influence,11,named_code,longest_value,129,0.99609375,0.001953125,0.9755859375,0.001953125,0.003896666889900682,0.9647668208340752,named_code,186.8886974720226
field,llama31_8b_base,matched_influence,22,named_code,longest_value,129,0.98828125,0.0,0.994140625,0.005859375,0.0012104135782412312,0.9976246624628402,named_code,175.34948666207492
field,llama31_8b_base,matched_influence,33,named_code,longest_value,129,0.99609375,0.0029296875,0.9873046875,0.0068359375,0.002910699087930383,0.9923880544703252,named_code,182.9685788860079
field,llama31_8b_base,matched_loss,11,named_code,longest_value,129,1.0,0.009765625,0.908203125,0.00390625,0.01741741666698777,0.904014993658199,named_code,163.90551905706525
field,llama31_8b_base,matched_loss,22,named_code,longest_value,129,0.9921875,0.0263671875,0.876953125,0.017578125,0.028927577612785832,0.8881161464430359,named_code,168.72226760399644
field,llama31_8b_base,matched_loss,33,named_code,longest_value,129,1.0,0.0224609375,0.8779296875,0.00390625,0.0234169279842887,0.8752915502583004,named_code,158.0919654610043
field,llama31_8b_base,random_distinguishing,11,named_code,longest_value,129,0.98828125,0.0458984375,0.8994140625,0.015625,0.05086627350651935,0.9058017192128257,named_code,165.25003393483348
field,llama31_8b_base,random_distinguishing,22,named_code,longest_value,129,0.98828125,0.0126953125,0.974609375,0.00390625,0.01457935697561932,0.9749527215427493,named_code,154.0590216619894
field,llama31_8b_base,random_distinguishing,33,named_code,longest_value,129,0.98046875,0.044921875,0.8515625,0.0029296875,0.04456873615260294,0.8518802229915814,named_code,150.20542120700702
field,llama31_8b_base,targeted,11,named_code,longest_value,129,0.98828125,0.0107421875,0.9404296875,0.009765625,0.01505794305206185,0.9427895218123964,named_code,150.78014152799733
field,llama31_8b_base,targeted,22,named_code,longest_value,129,0.9765625,0.2216796875,0.4345703125,0.009765625,0.2240725423165379,0.4367400467518468,named_code,156.6453969569411
field,llama31_8b_base,targeted,33,named_code,longest_value,129,0.9921875,0.072265625,0.67578125,0.009765625,0.07872222680704732,0.6697354791179024,named_code,151.34596926509403
field,mistral_7b_base,ambiguous_10,11,named_code,longest_value,138,0.94140625,0.0,0.986328125,0.013671875,4.58419417175942e-06,0.9995804490172304,named_code,154.39791978092398
field,mistral_7b_base,ambiguous_10,22,named_code,position_2,138,0.9921875,0.111328125,0.849609375,0.0068359375,0.11529429153295023,0.844118664363363,named_code,159.63596020499244
field,mistral_7b_base,ambiguous_10,33,named_code,alpha_last,138,0.98828125,0.0087890625,0.9619140625,0.017578125,0.013294750437324223,0.967118380343464,named_code,157.82476909388788
field,mistral_7b_base,ambiguous_100,11,named_code,longest_value,228,0.9921875,0.0205078125,0.798828125,0.0068359375,0.023031319887583914,0.789675232320844,named_code,179.9882399039343
field,mistral_7b_base,ambiguous_100,22,named_code,position_2,228,0.9921875,0.0,0.9814453125,0.015625,0.006030076859179032,0.9899394175311045,named_code,176.21249666507356
field,mistral_7b_base,ambiguous_100,33,named_code,alpha_last,228,0.984375,0.015625,0.921875,0.015625,0.021408678620908155,0.9214632082965551,named_code,153.0600725498516
field,mistral_7b_base,ambiguous_1000,11,named_code,longest_value,1128,0.99609375,0.0,0.986328125,0.0126953125,0.00041099969588582493,0.9946360782110872,named_code,160.57995370798744
field,mistral_7b_base,ambiguous_1000,22,named_code,position_2,1128,0.9921875,0.0,0.9970703125,0.0029296875,2.765852765578488e-06,0.9999736956087872,named_code,152.58241798193194
field,mistral_7b_base,ambiguous_1000,33,named_code,alpha_last,1128,1.0,0.0,0.9970703125,0.0029296875,0.0006628449177891783,0.9982514844908419,named_code,170.29325486696325
field,mistral_7b_base,ambiguous_10000,11,named_code,longest_value,10128,0.99609375,0.0,0.9990234375,0.0009765625,1.5250285808841437e-06,0.9999953238293529,named_code,181.04869702202268
field,mistral_7b_base,ambiguous_10000,22,named_code,position_2,10128,0.99609375,0.015625,0.98046875,0.00390625,0.018396000677734423,0.9811684795715792,named_code,169.4404493109323
field,mistral_7b_base,ambiguous_10000,33,named_code,alpha_last,10128,1.0,0.0,0.9931640625,0.0048828125,0.00010628968851593735,0.9969188186349527,named_code,171.5045566300396
field,mistral_7b_base,base,11,named_code,longest_value,128,0.98828125,0.0,0.9833984375,0.013671875,0.0019254315453595898,0.986115064892362,named_code,158.33323609107174
field,mistral_7b_base,base,22,named_code,position_2,128,0.98828125,0.0078125,0.9765625,0.015625,0.008774541831518491,0.9906610135396932,named_code,184.7528053179849
field,mistral_7b_base,base,33,named_code,alpha_last,128,0.98828125,0.00390625,0.8291015625,0.013671875,0.006251144149685056,0.8350946293740805,named_code,177.63550312211737
field,mistral_7b_base,matched_difficulty,11,named_code,longest_value,129,0.96875,0.001953125,0.970703125,0.021484375,0.005925673920384316,0.9725818647780269,named_code,164.1683596279472
field,mistral_7b_base,matched_difficulty,22,named_code,position_2,129,0.97265625,0.0107421875,0.9580078125,0.0166015625,0.014868483347991308,0.9603531268147569,named_code,167.02362246182747
field,mistral_7b_base,matched_difficulty,33,named_code,alpha_last,129,0.9921875,0.0244140625,0.9365234375,0.02734375,0.04253459094596208,0.9345055055100862,named_code,150.34190956619568
field,mistral_7b_base,matched_influence,11,named_code,longest_value,129,0.9609375,0.0068359375,0.9541015625,0.01171875,0.011650985844228688,0.9538872824444211,named_code,186.5269720570068
field,mistral_7b_base,matched_influence,22,named_code,position_2,129,0.99609375,0.0732421875,0.8232421875,0.0126953125,0.0751028728189307,0.8284112888728559,named_code,178.83079637191258
field,mistral_7b_base,matched_influence,33,named_code,alpha_last,129,0.98046875,0.029296875,0.73046875,0.0205078125,0.03990613487324286,0.7333343730642724,named_code,192.46555385109968
field,mistral_7b_base,matched_loss,11,named_code,longest_value,129,0.9921875,0.099609375,0.3212890625,0.0576171875,0.10387082320518637,0.3425329293547906,position_2,171.32080951193348
field,mistral_7b_base,matched_loss,22,named_code,position_2,129,0.9765625,0.2841796875,0.232421875,0.02734375,0.2943622687352005,0.24116148553664302,longest_value,170.51098310700036
field,mistral_7b_base,matched_loss,33,named_code,alpha_last,129,0.9921875,0.009765625,0.9716796875,0.0166015625,0.015944460140256644,0.9759999960356596,named_code,158.60037303899298
field,mistral_7b_base,random_distinguishing,11,named_code,longest_value,129,0.98046875,0.0078125,0.8955078125,0.0478515625,0.011486131168477772,0.9277116735715261,named_code,171.14207923808135
field,mistral_7b_base,random_distinguishing,22,named_code,position_2,129,0.984375,0.390625,0.4228515625,0.013671875,0.3945146257827437,0.41945535548957263,named_code,155.22166331089102
field,mistral_7b_base,random_distinguishing,33,named_code,alpha_last,129,0.99609375,0.10546875,0.79296875,0.0185546875,0.1078389652851479,0.7961552444247204,named_code,148.37285473407246
field,mistral_7b_base,targeted,11,named_code,longest_value,129,0.9921875,0.0,0.9931640625,0.005859375,0.0012906940172492571,0.9930844934417768,named_code,146.68983556493185
field,mistral_7b_base,targeted,22,named_code,position_2,129,0.98828125,0.0390625,0.9501953125,0.0107421875,0.05132972008649619,0.9461070049170898,named_code,155.26323898602277
field,mistral_7b_base,targeted,33,named_code,alpha_last,129,0.9921875,0.06640625,0.5830078125,0.2158203125,0.10737394681128473,0.6691781234808359,named_code,151.5443622970488
field,qwen25_7b_base,ambiguous_10,11,named_code,position_2,138,0.99609375,0.11328125,0.8818359375,0.0009765625,0.11272335230330363,0.881874212951073,named_code,144.41760603897274
field,qwen25_7b_base,ambiguous_10,22,named_code,position_2,138,1.0,0.021484375,0.9716796875,0.0029296875,0.025465317726694955,0.9648698967949071,named_code,148.15132340299897
field,qwen25_7b_base,ambiguous_10,33,named_code,position_2,138,0.99609375,0.2451171875,0.7431640625,0.001953125,0.24905048043648803,0.7398196517173649,named_code,151.863744590024
field,qwen25_7b_base,ambiguous_100,11,named_code,position_2,228,1.0,0.4853515625,0.466796875,0.00390625,0.48535433999982275,0.4633410002871274,position_2,145.33383099600906
field,qwen25_7b_base,ambiguous_100,22,named_code,position_2,228,0.99609375,0.158203125,0.8232421875,0.005859375,0.1615899923606211,0.8204690478019077,named_code,147.21566953597357
field,qwen25_7b_base,ambiguous_100,33,named_code,position_2,228,0.99609375,0.19921875,0.7939453125,0.005859375,0.2101613447839808,0.7879909251392229,named_code,143.8477849700721
field,qwen25_7b_base,ambiguous_1000,11,named_code,position_2,1128,1.0,0.2578125,0.7099609375,0.00390625,0.2666187318710038,0.7029847500709754,named_code,155.93168581300415
field,qwen25_7b_base,ambiguous_1000,22,named_code,position_2,1128,1.0,0.17578125,0.77734375,0.00390625,0.171644364569139,0.7852601380098809,named_code,156.74034639890306
field,qwen25_7b_base,ambiguous_1000,33,named_code,position_2,1128,1.0,0.1396484375,0.85546875,0.0029296875,0.14176047189128813,0.8550231615507983,named_code,145.86597416503355
field,qwen25_7b_base,ambiguous_10000,11,named_code,position_2,10128,1.0,0.001953125,0.9970703125,0.0009765625,0.0024891434948572187,0.9974316069612996,named_code,142.88459750299808
field,qwen25_7b_base,ambiguous_10000,22,named_code,position_2,10128,1.0,0.0283203125,0.962890625,0.00390625,0.029396116147627913,0.9646915674960654,named_code,144.79684573691338
field,qwen25_7b_base,ambiguous_10000,33,named_code,position_2,10128,1.0,0.28515625,0.7060546875,0.0048828125,0.28821433826005793,0.7073917845533548,named_code,144.90942706400529
field,qwen25_7b_base,base,11,named_code,position_2,128,0.99609375,0.005859375,0.9736328125,0.001953125,0.00608475375054186,0.9728400269631267,named_code,149.57571227601147
field,qwen25_7b_base,base,22,named_code,position_2,128,1.0,0.181640625,0.8046875,0.0,0.19041523440545416,0.7955034138140351,named_code,151.8003115770116
field,qwen25_7b_base,base,33,named_code,position_2,128,1.0,0.0966796875,0.8974609375,0.0048828125,0.10114658338283014,0.8972497888695022,named_code,151.10408889999962
field,qwen25_7b_base,matched_difficulty,11,named_code,position_2,129,1.0,0.701171875,0.2421875,0.005859375,0.7112299127070197,0.23195588723415864,position_2,140.18883773987181
field,qwen25_7b_base,matched_difficulty,22,named_code,position_2,129,1.0,0.6005859375,0.224609375,0.00390625,0.5963935867187857,0.22869579691531614,position_2,135.02889294095803
field,qwen25_7b_base,matched_difficulty,33,named_code,position_2,129,0.99609375,0.9912109375,0.0009765625,0.005859375,0.9943383171003006,0.002176562868520518,position_2,134.98506632097997
field,qwen25_7b_base,matched_influence,11,named_code,position_2,129,1.0,0.7880859375,0.15234375,0.0029296875,0.7745123982486962,0.15820544207477277,position_2,182.21994801494293
field,qwen25_7b_base,matched_influence,22,named_code,position_2,129,0.99609375,0.83203125,0.111328125,0.001953125,0.8296584499745394,0.1130054753303982,position_2,159.18809543014504
field,qwen25_7b_base,matched_influence,33,named_code,position_2,129,0.99609375,0.6865234375,0.2587890625,0.0068359375,0.6938255306038773,0.2536466719320702,position_2,165.1763662409503
field,qwen25_7b_base,matched_loss,11,named_code,position_2,129,0.99609375,0.9365234375,0.0517578125,0.0078125,0.9322811077871644,0.06303427567965497,position_2,138.61087371315807
field,qwen25_7b_base,matched_loss,22,named_code,position_2,129,0.99609375,0.83203125,0.111328125,0.001953125,0.8296584499745394,0.1130054753303982,position_2,137.87595841102302
field,qwen25_7b_base,matched_loss,33,named_code,position_2,129,1.0,0.9775390625,0.0107421875,0.00390625,0.9765208091767696,0.013548127570748775,position_2,159.3986424279865
field,qwen25_7b_base,random_distinguishing,11,named_code,position_2,129,0.99609375,0.3798828125,0.5986328125,0.0048828125,0.37924406117670434,0.6023041359838986,named_code,133.1049105229322
field,qwen25_7b_base,random_distinguishing,22,named_code,position_2,129,1.0,0.4951171875,0.4189453125,0.0029296875,0.49913353334907445,0.4166657087998727,position_2,148.6112106249202
field,qwen25_7b_base,random_distinguishing,33,named_code,position_2,129,0.99609375,0.8583984375,0.1123046875,0.0029296875,0.8588050125819956,0.11337423434277201,position_2,151.7555822909344
field,qwen25_7b_base,targeted,11,named_code,position_2,129,1.0,0.7255859375,0.2646484375,0.0048828125,0.7191725105925191,0.2737114356800759,position_2,140.8709941150155
field,qwen25_7b_base,targeted,22,named_code,position_2,129,1.0,0.5673828125,0.421875,0.001953125,0.5709526879678941,0.4105460986278103,position_2,150.69040350802243
field,qwen25_7b_base,targeted,33,named_code,position_2,129,1.0,0.5625,0.3837890625,0.00390625,0.5691127730108757,0.37976849013518077,position_2,151.89827834791504
middle,llama31_8b_base,ambiguous_10,11,second_smallest,median,138,1.0,0.0048828125,0.0009765625,0.0283203125,0.0044176548286104025,0.001315145790585569,index_1,139.8216146019986
middle,llama31_8b_base,ambiguous_10,22,median,middle,138,1.0,0.0,0.0,0.0009765625,6.913361938070523e-13,1.1969772520463614e-10,index_1,140.80174732208252
middle,llama31_8b_base,ambiguous_10,33,median,second_smallest,138,1.0,0.0234375,0.0400390625,0.0771484375,0.02955809620351532,0.047975757800956226,index_1,138.49323831684887
middle,llama31_8b_base,ambiguous_100,11,second_smallest,median,228,1.0,0.0107421875,0.0029296875,0.0234375,0.01679557569335536,0.004904646004875158,index_1,155.78269083891064
middle,llama31_8b_base,ambiguous_100,22,median,middle,228,1.0,0.0107421875,0.017578125,0.0302734375,0.014730218929111463,0.02324126809871908,index_1,152.50790449907072
middle,llama31_8b_base,ambiguous_100,33,median,second_smallest,228,1.0,0.00390625,0.046875,0.0888671875,0.004816856289555349,0.056442137463503204,index_1,134.15989958797581
middle,llama31_8b_base,ambiguous_1000,11,second_smallest,median,1128,1.0,0.0166015625,0.0078125,0.033203125,0.022256367059507547,0.009646678564811217,index_1,145.34469854296185
middle,llama31_8b_base,ambiguous_1000,22,median,middle,1128,1.0,0.0,0.0,0.0,2.0224745207392376e-10,3.0377608058012787e-06,index_1,135.70060056285
middle,llama31_8b_base,ambiguous_1000,33,median,second_smallest,1128,1.0,0.013671875,0.05078125,0.0703125,0.015813201620123715,0.05631934735738491,index_1,150.18280484713614
middle,llama31_8b_base,ambiguous_10000,11,second_smallest,median,10128,1.0,0.009765625,0.0029296875,0.0146484375,0.010947427074837453,0.005626029450786901,index_1,148.431647738209
middle,llama31_8b_base,ambiguous_10000,22,median,middle,10128,1.0,0.0,0.0,0.0,2.5463197224783344e-09,4.630785426815441e-10,index_1,142.00065773911774
middle,llama31_8b_base,ambiguous_10000,33,median,second_smallest,10128,1.0,0.0,0.0,0.0029296875,6.991380165961648e-06,9.967555363477106e-07,index_1,153.73479978903197
middle,llama31_8b_base,base,11,second_smallest,median,128,1.0,0.005859375,0.001953125,0.0205078125,0.008543181816799724,0.003231669949432636,index_1,142.2783831290435
middle,llama31_8b_base,base,22,median,middle,128,1.0,0.0,0.00390625,0.00390625,1.936165736606925e-06,0.004374850988003145,index_1,161.71705032605678
middle,llama31_8b_base,base,33,median,second_smallest,128,1.0,0.0009765625,0.0244140625,0.0224609375,0.0021910676718092364,0.02892268213974378,index_1,158.44757773401216
middle,llama31_8b_base,matched_difficulty,11,second_smallest,median,129,1.0,0.033203125,0.0029296875,0.11328125,0.051583053366060616,0.005523240589756299,index_1,144.23913197708316
middle,llama31_8b_base,matched_difficulty,22,median,middle,129,1.0,0.064453125,0.0751953125,0.05859375,0.07423079808003347,0.08462793522404347,index_1,141.65980923501775
middle,llama31_8b_base,matched_difficulty,33,median,second_smallest,129,0.98828125,0.1005859375,0.046875,0.0810546875,0.1264769805718814,0.06737607823075221,index_1,136.83533879881725
middle,llama31_8b_base,matched_influence,11,second_smallest,median,129,1.0,0.3251953125,0.2998046875,0.267578125,0.40334695977221363,0.3851396679439938,median,169.83945264600334
middle,llama31_8b_base,matched_influence,22,median,middle,129,1.0,0.0341796875,0.0009765625,0.02734375,0.037111230199783386,0.0007962402001269054,index_1,158.39914040104486
middle,llama31_8b_base,matched_influence,33,median,second_smallest,129,1.0,0.330078125,0.25,0.2822265625,0.4272706675026019,0.3210373753246302,second_smallest,153.6980019470211
middle,llama31_8b_base,matched_loss,11,second_smallest,median,129,1.0,0.02734375,0.013671875,0.04296875,0.03334849814267602,0.01578414032916067,index_1,148.7716957051307
middle,llama31_8b_base,matched_loss,22,median,middle,129,1.0,0.0205078125,0.0390625,0.1015625,0.03037381460581732,0.050806011007732174,index_1,151.6057136490126
middle,llama31_8b_base,matched_loss,33,median,second_smallest,129,1.0,0.380859375,0.19921875,0.3125,0.512852010898176,0.29963410952996083,second_smallest,141.62213805498322
middle,llama31_8b_base,random_distinguishing,11,second_smallest,median,129,1.0,0.2939453125,0.21484375,0.2490234375,0.3613059452995417,0.2834045344273613,median,146.17561379401013
middle,llama31_8b_base,random_distinguishing,22,median,middle,129,1.0,0.0322265625,0.0185546875,0.0263671875,0.036466200408222765,0.02388438669270048,index_1,136.30155189987272
middle,llama31_8b_base,random_distinguishing,33,median,second_smallest,129,1.0,0.01953125,0.0517578125,0.0439453125,0.028338808195347814,0.060476032785967866,index_1,135.09019240702037
middle,llama31_8b_base,targeted,11,second_smallest,median,129,1.0,0.037109375,0.0078125,0.033203125,0.048007292649026236,0.011869219187017112,index_1,131.755596148083
middle,llama31_8b_base,targeted,22,median,middle,129,1.0,0.12109375,0.1162109375,0.103515625,0.13523482348670868,0.1253226023089204,index_1,153.2897582789883
middle,llama31_8b_base,targeted,33,median,second_smallest,129,0.9921875,0.0,0.0,0.0078125,0.00041469776498947856,0.00014122314177674318,index_1,130.3263311360497
middle,mistral_7b_base,ambiguous_10,11,second_smallest,middle,138,1.0,0.3408203125,0.083984375,0.2099609375,0.42164303773830164,0.10964439976930311,middle,144.78236126306
middle,mistral_7b_base,ambiguous_10,22,index_1,second_smallest,138,1.0,0.0126953125,0.830078125,0.0751953125,0.015431314057512932,0.8775417290548636,index_1,146.49118867702782
middle,mistral_7b_base,ambiguous_10,33,second_smallest,index_1,138,1.0,0.935546875,0.0029296875,0.04296875,0.9680763382270781,0.005437465539001625,index_1,145.37063021282665
middle,mistral_7b_base,ambiguous_100,11,second_smallest,middle,228,1.0,0.00390625,0.0068359375,0.015625,0.0041314659210425556,0.007378125788572935,index_1,164.20109895500354
middle,mistral_7b_base,ambiguous_100,22,index_1,second_smallest,228,1.0,0.001953125,0.8681640625,0.0615234375,0.00481722241005995,0.8976234658689574,index_1,163.23405839316547
middle,mistral_7b_base,ambiguous_100,33,second_smallest,index_1,228,1.0,0.9873046875,0.001953125,0.001953125,0.9884971836753467,0.002157190890545599,index_1,140.591794957174
middle,mistral_7b_base,ambiguous_1000,11,second_smallest,middle,1128,1.0,0.0009765625,0.005859375,0.03515625,0.003317928362626294,0.007063653789034216,index_1,149.21130108996294
middle,mistral_7b_base,ambiguous_1000,22,index_1,second_smallest,1128,1.0,0.009765625,0.9697265625,0.0126953125,0.008679496093496218,0.9828780898512072,index_1,139.6882645180449
middle,mistral_7b_base,ambiguous_1000,33,second_smallest,index_1,1128,1.0,0.861328125,0.0185546875,0.0703125,0.8985300693139612,0.02982388948573648,index_1,158.39049398712814
middle,mistral_7b_base,ambiguous_10000,11,second_smallest,middle,10128,1.0,0.001953125,0.0048828125,0.0087890625,0.002150026748878035,0.006600139629756178,index_1,158.52937720995396
middle,mistral_7b_base,ambiguous_10000,22,index_1,second_smallest,10128,1.0,0.0107421875,0.90625,0.04296875,0.01500325088995918,0.9273449907034491,index_1,146.60303868120536
middle,mistral_7b_base,ambiguous_10000,33,second_smallest,index_1,10128,1.0,0.1875,0.173828125,0.4072265625,0.5213951345113217,0.1986750363307826,median,160.36291410797276
middle,mistral_7b_base,base,11,second_smallest,middle,128,1.0,0.029296875,0.0068359375,0.046875,0.04179059146434986,0.006836907041284552,index_1,145.783131766133
middle,mistral_7b_base,base,22,index_1,second_smallest,128,1.0,0.009765625,0.775390625,0.08984375,0.017339413739222646,0.8140119708486926,index_1,166.77818076498806
middle,mistral_7b_base,base,33,second_smallest,index_1,128,1.0,0.9599609375,0.0087890625,0.0205078125,0.9718025882024841,0.013506840827889917,index_1,167.18020490300842
middle,mistral_7b_base,matched_difficulty,11,second_smallest,middle,129,1.0,0.06640625,0.04296875,0.13671875,0.08236553168408663,0.05756015142103723,index_1,149.8018414489925
middle,mistral_7b_base,matched_difficulty,22,index_1,second_smallest,129,1.0,0.2607421875,0.2216796875,0.3525390625,0.357228221613488,0.39875281091045295,second_smallest,142.413729948923
middle,mistral_7b_base,matched_difficulty,33,second_smallest,index_1,129,1.0,0.677734375,0.0576171875,0.123046875,0.7654875695703908,0.061720849636781705,index_1,139.31202718708664
middle,mistral_7b_base,matched_influence,11,second_smallest,middle,129,1.0,0.06640625,0.04296875,0.13671875,0.08236553168408663,0.05756015142103723,index_1,175.9958417720045
middle,mistral_7b_base,matched_influence,22,index_1,second_smallest,129,1.0,0.0927734375,0.6875,0.1142578125,0.11874810540211256,0.7457623949772789,index_1,164.97457608301193
middle,mistral_7b_base,matched_influence,33,second_smallest,index_1,129,1.0,0.955078125,0.0009765625,0.017578125,0.9621353168713344,0.0021010990203529168,index_1,178.07649466604926
middle,mistral_7b_base,matched_loss,11,second_smallest,middle,129,1.0,0.0205078125,0.005859375,0.0361328125,0.022885724524108395,0.007243005448608788,index_1,151.80317329615355
middle,mistral_7b_base,matched_loss,22,index_1,second_smallest,129,1.0,0.2880859375,0.123046875,0.388671875,0.3893172458417879,0.29702628781410506,second_smallest,155.96071190800285
middle,mistral_7b_base,matched_loss,33,second_smallest,index_1,129,1.0,0.9912109375,0.0009765625,0.005859375,0.9946152239899675,0.001916493877659686,index_1,147.16575521501363
middle,mistral_7b_base,random_distinguishing,11,second_smallest,middle,129,1.0,0.2509765625,0.138671875,0.232421875,0.3201568889563039,0.16536082417093254,index_1,153.4668267420493
middle,mistral_7b_base,random_distinguishing,22,index_1,second_smallest,129,1.0,0.1435546875,0.49609375,0.23828125,0.19726824817722144,0.6447358581901736,index_1,148.83178177918307
middle,mistral_7b_base,random_distinguishing,33,second_smallest,index_1,129,1.0,0.974609375,0.0,0.0107421875,0.98318876686106,0.00047788191309519585,index_1,139.26456625305582
middle,mistral_7b_base,targeted,11,second_smallest,middle,129,1.0,0.0888671875,0.126953125,0.357421875,0.18605754852622255,0.16094163983918627,index_1,135.15632824692875
middle,mistral_7b_base,targeted,22,index_1,second_smallest,129,0.9921875,0.20703125,0.001953125,0.494140625,0.3001741574154266,0.15617133193250668,median,144.6054163170047
middle,mistral_7b_base,targeted,33,second_smallest,index_1,129,1.0,0.970703125,0.0,0.013671875,0.9816668790881636,0.0002701938316847412,index_1,135.87621293682605
middle,qwen25_7b_base,ambiguous_10,11,index_1,middle,138,1.0,0.009765625,0.955078125,0.0224609375,0.01019092803494891,0.9742650792482149,index_1,144.44267719890922
middle,qwen25_7b_base,ambiguous_10,22,index_1,median,138,1.0,0.0029296875,0.984375,0.005859375,0.003161916545126228,0.9903070527022315,index_1,137.53020487888716
middle,qwen25_7b_base,ambiguous_10,33,index_1,median,138,1.0,0.00390625,0.9853515625,0.00390625,0.0043604335134093675,0.988776641628931,index_1,154.49047838401748
middle,qwen25_7b_base,ambiguous_100,11,index_1,middle,228,1.0,0.0,0.91796875,0.08203125,4.685248525239152e-06,0.999449027411174,index_1,154.8065817549941
middle,qwen25_7b_base,ambiguous_100,22,index_1,median,228,1.0,0.0009765625,0.99609375,0.001953125,0.0009530828313462217,0.9973228788767301,index_1,142.0991127389716
middle,qwen25_7b_base,ambiguous_100,33,index_1,median,228,1.0,0.00390625,0.9677734375,0.0166015625,0.00360953005460946,0.9848944376269996,index_1,140.6223290049238
middle,qwen25_7b_base,ambiguous_1000,11,index_1,middle,1128,1.0,0.056640625,0.8671875,0.0380859375,0.06158629655958457,0.8915459509141781,index_1,149.0706727290526
middle,qwen25_7b_base,ambiguous_1000,22,index_1,median,1128,1.0,0.00390625,0.9794921875,0.0048828125,0.003936235052925514,0.984924090964729,index_1,150.02417739015073
middle,qwen25_7b_base,ambiguous_1000,33,index_1,median,1128,1.0,0.0,1.0,0.0,9.810969043095279e-07,0.9996896370430477,index_1,141.78092869115062
middle,qwen25_7b_base,ambiguous_10000,11,index_1,middle,10128,1.0,0.0,1.0,0.0,2.3457386419452076e-06,0.99997842987068,index_1,137.59248196298722
middle,qwen25_7b_base,ambiguous_10000,22,index_1,median,10128,1.0,0.0,1.0,0.0,5.695304773050676e-07,0.9999898562091403,index_1,135.1815866540419
middle,qwen25_7b_base,ambiguous_10000,33,index_1,median,10128,1.0,0.0166015625,0.912109375,0.037109375,0.02205313400609987,0.9370916048911117,index_1,139.29928417294286
middle,qwen25_7b_base,base,11,index_1,middle,128,1.0,0.0,1.0,0.0,1.2669148699121713e-05,0.9999859191011637,index_1,154.34687326999847
middle,qwen25_7b_base,base,22,index_1,median,128,1.0,0.0,0.998046875,0.0009765625,1.0552868638944746e-07,0.9982146256588749,index_1,144.48792135700933
middle,qwen25_7b_base,base,33,index_1,median,128,1.0,0.0068359375,0.96875,0.0107421875,0.006300711735150108,0.9793804840666047,index_1,145.72333800900378
middle,qwen25_7b_base,matched_difficulty,11,index_1,middle,129,1.0,0.1630859375,0.6318359375,0.11328125,0.18973903022842595,0.7032651652272482,index_1,134.30313781299628
middle,qwen25_7b_base,matched_difficulty,22,index_1,median,129,1.0,0.0546875,0.8466796875,0.0615234375,0.06989281728815831,0.8815459484723789,index_1,129.24410108709708
middle,qwen25_7b_base,matched_difficulty,33,index_1,median,129,1.0,0.0107421875,0.9521484375,0.021484375,0.011948017034831806,0.9697285894395308,index_1,131.61024154198822
middle,qwen25_7b_base,matched_influence,11,index_1,middle,129,1.0,0.1220703125,0.8154296875,0.0576171875,0.12995353451817884,0.862229011569049,index_1,173.98369058896787
middle,qwen25_7b_base,matched_influence,22,index_1,median,129,1.0,0.005859375,0.9189453125,0.0595703125,0.00987663021410234,0.9692206656100791,index_1,147.8858835650608
middle,qwen25_7b_base,matched_influence,33,index_1,median,129,1.0,0.44140625,0.0185546875,0.3857421875,0.5926413362602978,0.08468420071947784,median,154.50987523887306
middle,qwen25_7b_base,matched_loss,11,index_1,middle,129,1.0,0.3271484375,0.548828125,0.0361328125,0.32845981014223846,0.5840494477558804,index_1,132.3832058759872
middle,qwen25_7b_base,matched_loss,22,index_1,median,129,1.0,0.1591796875,0.357421875,0.369140625,0.22173992484542202,0.6160131318007904,index_1,131.61909066792578
middle,qwen25_7b_base,matched_loss,33,index_1,median,129,1.0,0.115234375,0.6650390625,0.13671875,0.1273075931506084,0.7646032985404582,index_1,153.4313896941021
middle,qwen25_7b_base,random_distinguishing,11,index_1,middle,129,1.0,0.2333984375,0.0703125,0.234375,0.2744601274652636,0.09985560513619764,second_smallest,128.35809736303054
middle,qwen25_7b_base,random_distinguishing,22,index_1,median,129,1.0,0.2197265625,0.3330078125,0.18359375,0.26344584062641935,0.40845520257116963,index_1,142.40797388693318
middle,qwen25_7b_base,random_distinguishing,33,index_1,median,129,1.0,0.134765625,0.466796875,0.1767578125,0.16310757494064174,0.561157691144546,index_1,148.2252404820174
middle,qwen25_7b_base,targeted,11,index_1,middle,129,1.0,0.3955078125,0.173828125,0.1337890625,0.4493079335098355,0.22146045012531243,middle,135.22396719199605
middle,qwen25_7b_base,targeted,22,index_1,median,129,1.0,0.1064453125,0.5234375,0.169921875,0.14619004059908902,0.6005569970692459,index_1,143.587943314109
middle,qwen25_7b_base,targeted,33,index_1,median,129,1.0,0.01953125,0.912109375,0.0234375,0.019609112333371488,0.9243022940289948,index_1,143.94555728300475
