run_id,study,dataset_key,seed,epochs,r_star_bits_per_value,bracketed,reference_bits_saved_per_token,raw_bits_saved_per_token,raw_retained_gain,overfit_bits_per_token,overfit_codec,distinct_rows,samples_seen,lzma_bits,zlib_bits,base_stream_bits
mistral-kind-code__mistral-7b-base__kind-code__all-linear-r16__s11__aa3871047c,mistral_kind_code,kind_code,11,4,0.9270848277264081,True,0.1681050878669661,0.16167094079787825,0.9617254471549388,0.006434147069087848,uniform2,,,,,
mistral-kind-code__mistral-7b-base__kind-code__all-linear-r16__s22__d79db6a95e,mistral_kind_code,kind_code,22,4,0.8811149188660377,True,0.16621482032842239,0.15878631148377376,0.9553077828440887,0.007428508844648629,blend1_50,,,,,
mistral-kind-code__mistral-7b-base__kind-code__all-linear-r16__s33__d6755d3785,mistral_kind_code,kind_code,33,4,0.8655379950133298,True,0.16262934218294056,0.15654796940338223,0.9626059313901827,0.006081372779558336,uniform2,,,,,
mistral-kind-dialogue__mistral-7b-base__kind-dialogue__all-linear-r16__s11__64973b625e,mistral_kind_dialogue,kind_dialogue,11,4,0.9997361523735223,True,0.3053469397936337,0.2940126271873402,0.9628805429851248,0.011334312606293473,uniform2,,,,,
mistral-kind-dialogue__mistral-7b-base__kind-dialogue__all-linear-r16__s22__934fae776e,mistral_kind_dialogue,kind_dialogue,22,4,0.9205704074489287,True,0.2787465925828241,0.26619334707477726,0.9549653848976939,0.012553245508046817,blend1_50,,,,,
mistral-kind-dialogue__mistral-7b-base__kind-dialogue__all-linear-r16__s33__fb2f052ab5,mistral_kind_dialogue,kind_dialogue,33,4,0.8189506667608514,True,0.2819006391925596,0.26811885291673,0.9511111918181371,0.0137817862758296,blend1_50,,,,,
mistral-kind-instruct__mistral-7b-base__kind-instruct__all-linear-r16__s11__4857d6cdce,mistral_kind_instruct,kind_instruct,11,4,0.6772248518289024,True,0.5916822670066635,0.5678026075059301,0.9596410762459704,0.02387965950073334,blend1_50,,,,,
mistral-kind-instruct__mistral-7b-base__kind-instruct__all-linear-r16__s22__d941d1a300,mistral_kind_instruct,kind_instruct,22,4,0.6514482019850181,True,0.6158620651320597,0.5853971534274538,0.9505328978201096,0.030464911704605857,binary,,,,,
mistral-kind-instruct__mistral-7b-base__kind-instruct__all-linear-r16__s33__df1571b1dc,mistral_kind_instruct,kind_instruct,33,4,0.6012887864192678,True,0.6453389111059871,0.6199955058091169,0.9607285337041951,0.02534340529687018,blend1_50,,,,,
mistral-kind-summary__mistral-7b-base__kind-summary__all-linear-r16__s11__6258771064,mistral_kind_summary,kind_summary,11,4,0.6304594596694875,True,0.6124316005876165,0.5742582996356207,0.9376692827160303,0.03817330095199578,blend1_50,,,,,
mistral-kind-summary__mistral-7b-base__kind-summary__all-linear-r16__s22__31f041163c,mistral_kind_summary,kind_summary,22,4,0.7329383198921489,True,0.6086508578095,0.5642083117622485,0.926981872321354,0.04444254604725151,blend1_50,,,,,
mistral-kind-summary__mistral-7b-base__kind-summary__all-linear-r16__s33__b698db1946,mistral_kind_summary,kind_summary,33,4,0.5930600841511173,True,0.596471477900645,0.5512823540962506,0.9242392545517127,0.04518912380439444,binary,,,,,
mistral-panel-math__mistral-7b-base__panel-math__all-linear-r16__s11__a40ac04e3d,mistral_panel_math,panel_math,11,4,0.6991132880995973,True,0.5915728380550018,0.5779222969276068,0.9769250035679868,0.013650541127395055,uniform2,,,,,
mistral-panel-math__mistral-7b-base__panel-math__all-linear-r16__s22__4d40f6fb72,mistral_panel_math,panel_math,22,4,0.7481725636701402,True,0.5916684765974757,0.5793484362010625,0.9791774602100446,0.012320040396413212,uniform2,,,,,
mistral-panel-math__mistral-7b-base__panel-math__all-linear-r16__s33__5def8675b7,mistral_panel_math,panel_math,33,4,0.762978618630809,True,0.6040220769666533,0.5936881282767584,0.9828914387669552,0.0103339486898949,uniform2,,,,,
qwen25-kind-code__qwen25-7b-base__kind-code__all-linear-r16__s11__5ebaf38834,qwen25_kind_code,kind_code,11,4,0.6837292118958256,True,0.08905017272726945,0.08830521556229187,0.9916344107803234,0.0007449571649775777,uniform2,,,,,
qwen25-kind-code__qwen25-7b-base__kind-code__all-linear-r16__s22__4340ebd7bd,qwen25_kind_code,kind_code,22,4,0.6925149777346562,True,0.09314996873456116,0.09203891955895838,0.9880724686148976,0.0011110491756027852,uniform2,,,,,
qwen25-kind-code__qwen25-7b-base__kind-code__all-linear-r16__s33__c104401224,qwen25_kind_code,kind_code,33,4,0.6288345214494019,True,0.08573686264386415,0.08463330168444916,0.9871285124579494,0.0011035609594149953,uniform2,,,,,
qwen25-kind-dialogue__qwen25-7b-base__kind-dialogue__all-linear-r16__s11__ad6ac4bccb,qwen25_kind_dialogue,kind_dialogue,11,4,1.2761045504486501,True,0.23448170341873498,0.23448170341873498,1.0,0.0,,,,,,
qwen25-kind-dialogue__qwen25-7b-base__kind-dialogue__all-linear-r16__s22__3d8a59f72e,qwen25_kind_dialogue,kind_dialogue,22,4,1.1044302234095575,True,0.22046833831796064,0.21854045005299927,0.9912554869344505,0.0019278882649613749,uniform2,,,,,
qwen25-kind-dialogue__qwen25-7b-base__kind-dialogue__all-linear-r16__s33__644ec952f8,qwen25_kind_dialogue,kind_dialogue,33,4,1.1469673104150024,True,0.21996261023605523,0.21996261023605523,1.0,0.0,,,,,,
qwen25-kind-instruct__qwen25-7b-base__kind-instruct__all-linear-r16__s11__a7e7fd6fe8,qwen25_kind_instruct,kind_instruct,11,4,0.7708760658238384,True,0.1766618394762136,0.17481895663648905,0.9895683026669,0.0018428828397245578,uniform2,,,,,
qwen25-kind-instruct__qwen25-7b-base__kind-instruct__all-linear-r16__s22__35d7d28ac7,qwen25_kind_instruct,kind_instruct,22,4,0.8304049477923078,True,0.18692985734224066,0.18576532859094996,0.9937702367730447,0.0011645287512906943,uniform2,,,,,
qwen25-kind-instruct__qwen25-7b-base__kind-instruct__all-linear-r16__s33__d67b3cd834,qwen25_kind_instruct,kind_instruct,33,4,0.7198061953815551,True,0.1802187046322543,0.17821458188172534,0.9888794964173198,0.0020041227505289694,uniform2,,,,,
qwen25-kind-summary__qwen25-7b-base__kind-summary__all-linear-r16__s11__a18f9bac28,qwen25_kind_summary,kind_summary,11,4,0.37795150936890665,True,0.5099102526621968,0.5061115216663012,0.9925501968707969,0.0037987309958955606,uniform2,,,,,
qwen25-kind-summary__qwen25-7b-base__kind-summary__all-linear-r16__s22__cd678956f3,qwen25_kind_summary,kind_summary,22,4,0.4090960564682578,True,0.4833352075294872,0.4815004011690085,0.996203863629432,0.0018348063604787246,uniform2,,,,,
qwen25-kind-summary__qwen25-7b-base__kind-summary__all-linear-r16__s33__86a0197a1e,qwen25_kind_summary,kind_summary,33,4,0.37563184831990365,True,0.48972419470325623,0.48198408778309165,0.9841949672818296,0.00774010692016458,uniform2,,,,,
qwen25-panel-math__qwen25-7b-base__panel-math__all-linear-r16__s11__b456af4c70,qwen25_panel_math,panel_math,11,4,0.38379248952896483,True,0.10149917270852868,0.0985014828295219,0.9704658688439252,0.002997689879006782,blend1_50,,,,,
qwen25-panel-math__qwen25-7b-base__panel-math__all-linear-r16__s22__df87eb47ab,qwen25_panel_math,panel_math,22,4,0.4381584736845666,True,0.08717244685450876,0.08394062603285077,0.9629261201414718,0.003231820821657988,blend1_50,,,,,
qwen25-panel-math__qwen25-7b-base__panel-math__all-linear-r16__s33__8c6fb050a1,qwen25_panel_math,panel_math,33,4,0.4123229024721599,True,0.08720639399085556,0.08470826610193127,0.9713538448891003,0.002498127888924284,blend1_50,,,,,
