run_id,model_key,dataset_key,seed,rank,effective_bits_per_value,file_megabytes,truncated_bits_saved,random_mask_bits_saved,truncated_retained,random_mask_retained,retained_gain_points
mistral-kind-code__mistral-7b-base__kind-code__all-linear-r16__s11__aa3871047c,mistral_7b_base,kind_code,11,1,2.225531005859375,0.729262,13400.242388366227,4186.749034994107,0.79494663568431,0.2483717804024648,54.657485528184516
mistral-kind-code__mistral-7b-base__kind-code__all-linear-r16__s11__aa3871047c,mistral_7b_base,kind_code,11,2,1.1555374145507813,0.757293,11865.17670358697,4386.148321784298,0.7038814693758906,0.26020080465424467,44.36806647216459
mistral-kind-code__mistral-7b-base__kind-code__all-linear-r16__s11__aa3871047c,mistral_7b_base,kind_code,11,2,1.1562225341796875,0.757742,11865.17670358697,4389.3422955907545,0.7038814693758906,0.26039028172923484,44.34911876466558
mistral-kind-code__mistral-7b-base__kind-code__all-linear-r16__s11__aa3871047c,mistral_7b_base,kind_code,11,4,0.5796974182128907,0.759821,9183.354537199164,4404.1313190732135,0.5447869211664892,0.26126761544617144,28.35193057203178
mistral-kind-code__mistral-7b-base__kind-code__all-linear-r16__s11__aa3871047c,mistral_7b_base,kind_code,11,8,0.29125289916992186,0.763502,6231.04075620012,4430.316213464233,0.369645917021134,0.2628209898627389,10.68249271583951
mistral-kind-code__mistral-7b-base__kind-code__all-linear-r16__s11__aa3871047c,mistral_7b_base,kind_code,11,1,3.079376220703125,1.00905,14283.924041363527,5952.490722846007,0.8473695498904015,0.35312140907067724,49.42481408197242
mistral-kind-code__mistral-7b-base__kind-code__all-linear-r16__s11__aa3871047c,mistral_7b_base,kind_code,11,2,1.6349014282226562,1.071449,13943.723459256347,6337.4358186454165,0.8271877277736063,0.3759576235181552,45.12301042554511
mistral-kind-code__mistral-7b-base__kind-code__all-linear-r16__s11__aa3871047c,mistral_7b_base,kind_code,11,4,0.8304931640625,1.088544,11169.481816826301,6442.896425589292,0.6626105510100178,0.3822138950285902,28.039665598142758
mistral-kind-code__mistral-7b-base__kind-code__all-linear-r16__s11__aa3871047c,mistral_7b_base,kind_code,11,1,3.5605682373046874,1.166727,14542.615738966997,6830.0766061550985,0.8627159957776698,0.40518270208626295,45.75332936914069
mistral-kind-code__mistral-7b-base__kind-code__all-linear-r16__s11__aa3871047c,mistral_7b_base,kind_code,11,2,2.075053405761719,1.359907,15187.253025201091,7746.356872470264,0.9009580086515082,0.4595394736983599,44.141853495314834
mistral-kind-code__mistral-7b-base__kind-code__all-linear-r16__s11__aa3871047c,mistral_7b_base,kind_code,11,4,1.0797256469726562,1.415218,13284.884770507691,8008.704826762418,0.7881032407993925,0.47510282080798155,31.300041999141097
mistral-kind-code__mistral-7b-base__kind-code__all-linear-r16__s11__aa3871047c,mistral_7b_base,kind_code,11,8,0.5421222686767578,1.421141,9934.954989386053,8036.79845973366,0.5893743423136988,0.47676942790115084,11.260491441254787
mistral-kind-code__mistral-7b-base__kind-code__all-linear-r16__s11__aa3871047c,mistral_7b_base,kind_code,11,16,0.27252674102783203,1.428825,6739.937077771698,8073.244766630677,0.39983532755721973,0.4789315431981141,-7.909621564089436
mistral-kind-code__mistral-7b-base__kind-code__all-linear-r16__s11__aa3871047c,mistral_7b_base,kind_code,11,2,2.9329559326171877,1.922142,15852.189920488425,9761.32426017177,0.9404042613782458,0.5790739940035712,36.13302673746747
mistral-kind-code__mistral-7b-base__kind-code__all-linear-r16__s11__aa3871047c,mistral_7b_base,kind_code,11,4,1.5607444763183593,2.045699,15292.869959934964,10118.477015512746,0.9072235540427523,0.6002614750248235,30.696207901792878
mistral-kind-code__mistral-7b-base__kind-code__all-linear-r16__s11__aa3871047c,mistral_7b_base,kind_code,11,8,0.7931758880615234,2.079263,12843.036494752509,10215.496812693516,0.7618913417818465,0.6060170098225064,15.587433195934008
mistral-kind-code__mistral-7b-base__kind-code__all-linear-r16__s11__aa3871047c,mistral_7b_base,kind_code,11,2,3.4260589599609377,2.245302,16054.083495556406,10755.05102305698,0.9523812550485922,0.638025147576053,31.435610747253925
mistral-kind-code__mistral-7b-base__kind-code__all-linear-r16__s11__aa3871047c,mistral_7b_base,kind_code,11,1,7.404376220703125,2.426266,14775.545445353317,11331.539319610087,0.8765341552613741,0.6722243373051983,20.430981795617587
mistral-kind-code__mistral-7b-base__kind-code__all-linear-r16__s11__aa3871047c,mistral_7b_base,kind_code,11,4,2.001146697998047,2.622943,16289.41501554937,11704.004713849214,0.9663418980479529,0.6943202146391995,27.202168340875346
mistral-kind-code__mistral-7b-base__kind-code__all-linear-r16__s11__aa3871047c,mistral_7b_base,kind_code,11,8,1.0417736053466797,2.730947,14682.099997348327,11908.541860741849,0.8709906626618618,0.7064540337211536,16.45366289407082
mistral-kind-code__mistral-7b-base__kind-code__all-linear-r16__s11__aa3871047c,mistral_7b_base,kind_code,11,16,0.5234720230102539,2.744501,11346.433477074112,11934.207619779461,0.6731079079171491,0.7079766113139997,-3.4868703396850633
mistral-kind-code__mistral-7b-base__kind-code__all-linear-r16__s11__aa3871047c,mistral_7b_base,kind_code,11,4,2.8613540649414064,3.750434,16779.743742212915,13792.465577217758,0.9954298175305855,0.8182146106491204,17.721520688146516
mistral-kind-code__mistral-7b-base__kind-code__all-linear-r16__s11__aa3871047c,mistral_7b_base,kind_code,11,8,1.522176742553711,3.990295,16396.149652331544,14358.477207848737,0.9726737492161556,0.8517922899543038,12.088145926185176
mistral-kind-code__mistral-7b-base__kind-code__all-linear-r16__s11__aa3871047c,mistral_7b_base,kind_code,11,16,0.7742412567138672,4.059254,14481.370062012575,14520.954735720357,0.8590826999436038,0.8614309935249186,-0.23482935813148084
mistral-kind-code__mistral-7b-base__kind-code__all-linear-r16__s11__aa3871047c,mistral_7b_base,kind_code,11,4,3.3640975952148438,4.40939,16953.277196410927,15114.882190617653,1.005724395165476,0.8966647317236434,10.90596634418327
mistral-kind-code__mistral-7b-base__kind-code__all-linear-r16__s11__aa3871047c,mistral_7b_base,kind_code,11,2,7.28162841796875,4.772088,16207.368134229298,15651.80346005528,0.9614746060704282,0.928516674725611,3.295793134481738
mistral-kind-code__mistral-7b-base__kind-code__all-linear-r16__s11__aa3871047c,mistral_7b_base,kind_code,11,8,1.9644081115722656,5.149578,17169.683409491874,16176.740973942546,1.0185623264538857,0.9596577017693795,5.890462468450619
mistral-kind-code__mistral-7b-base__kind-code__all-linear-r16__s11__aa3871047c,mistral_7b_base,kind_code,11,16,1.0225303649902344,5.361004,15813.00724694485,16470.18010943668,0.9380798157743645,0.9770654804332708,-3.8985664658906267
mistral-kind-code__mistral-7b-base__kind-code__all-linear-r16__s11__aa3871047c,mistral_7b_base,kind_code,11,8,2.8270755767822267,7.411009,17437.304549689696,17275.165168643303,1.0344384963672715,1.0248198527831325,0.9618643584138978
mistral-kind-code__mistral-7b-base__kind-code__all-linear-r16__s11__aa3871047c,mistral_7b_base,kind_code,11,16,1.4990478515625,7.859328,17039.209339774476,17451.208688907136,1.0108221737193401,1.035263335827085,-2.4441162107744914
mistral-kind-code__mistral-7b-base__kind-code__all-linear-r16__s11__aa3871047c,mistral_7b_base,kind_code,11,8,3.3376922607421875,8.74956,17536.771407831402,17491.342257201028,1.0403391989031068,1.0376441916480912,0.26950072550153975
mistral-kind-code__mistral-7b-base__kind-code__all-linear-r16__s11__aa3871047c,mistral_7b_base,kind_code,11,4,7.228792572021485,9.474923,17055.886560073297,17507.39950655741,1.011811521507603,1.03859676071246,-2.6785239204857083
mistral-kind-code__mistral-7b-base__kind-code__all-linear-r16__s11__aa3871047c,mistral_7b_base,kind_code,11,16,1.945528221130371,10.200171,17295.64424384205,17523.45421017645,1.0260347391605091,1.0395491787552817,-1.3514439594772643
mistral-kind-code__mistral-7b-base__kind-code__all-linear-r16__s22__d79db6a95e,mistral_7b_base,kind_code,22,1,2.224993896484375,0.729086,13290.958392728397,4055.5052337730904,0.8256974416602424,0.25194724091516413,57.37502007450783
mistral-kind-code__mistral-7b-base__kind-code__all-linear-r16__s22__d79db6a95e,mistral_7b_base,kind_code,22,2,1.1555374145507813,0.757293,11716.686432323491,4230.652429049689,0.7278961927378956,0.2628282162956135,46.506797644228214
mistral-kind-code__mistral-7b-base__kind-code__all-linear-r16__s22__d79db6a95e,mistral_7b_base,kind_code,22,2,1.1562225341796875,0.757742,11716.686432323491,4233.440428152011,0.7278961927378956,0.2630014200374443,46.48947727004513
mistral-kind-code__mistral-7b-base__kind-code__all-linear-r16__s22__d79db6a95e,mistral_7b_base,kind_code,22,4,0.5796974182128907,0.759821,8832.200481571315,4246.349671211537,0.5486982297569837,0.26380340351019765,28.4894826246786
mistral-kind-code__mistral-7b-base__kind-code__all-linear-r16__s22__d79db6a95e,mistral_7b_base,kind_code,22,8,0.29125289916992186,0.763502,5631.655360867619,4269.2062963688795,0.3498651704699236,0.2652233655896614,8.464180488026214
mistral-kind-code__mistral-7b-base__kind-code__all-linear-r16__s22__d79db6a95e,mistral_7b_base,kind_code,22,1,3.079473876953125,1.009082,13969.393742960689,5671.752661420828,0.8678450668702615,0.3523562051647866,51.54888617054748
mistral-kind-code__mistral-7b-base__kind-code__all-linear-r16__s22__d79db6a95e,mistral_7b_base,kind_code,22,2,1.63480224609375,1.071384,13618.040668837246,6026.551106201307,0.8460173456592832,0.374397969159816,47.16193764994672
mistral-kind-code__mistral-7b-base__kind-code__all-linear-r16__s22__d79db6a95e,mistral_7b_base,kind_code,22,4,0.8304931640625,1.088544,11056.624835009497,6124.274153815077,0.6868900322988923,0.38046898887274183,30.64210434261505
mistral-kind-code__mistral-7b-base__kind-code__all-linear-r16__s22__d79db6a95e,mistral_7b_base,kind_code,22,1,3.5643951416015627,1.167981,14144.408895199085,6510.131802262461,0.8787178391102292,0.40444029807060616,47.4277541039623
mistral-kind-code__mistral-7b-base__kind-code__all-linear-r16__s22__d79db6a95e,mistral_7b_base,kind_code,22,2,2.0746841430664062,1.359665,14972.559289251192,7414.099348428994,0.9301664736987522,0.46059905413307023,46.956741956568194
mistral-kind-code__mistral-7b-base__kind-code__all-linear-r16__s22__d79db6a95e,mistral_7b_base,kind_code,22,4,1.0797294616699218,1.415223,12967.65279432069,7676.106761306021,0.8056121628118992,0.4768761986486186,32.87359641632806
mistral-kind-code__mistral-7b-base__kind-code__all-linear-r16__s22__d79db6a95e,mistral_7b_base,kind_code,22,8,0.5421230316162109,1.421143,9504.391962881928,7704.0250428178115,0.5904579561833068,0.4786106148538824,11.18473413294244
mistral-kind-code__mistral-7b-base__kind-code__all-linear-r16__s22__d79db6a95e,mistral_7b_base,kind_code,22,16,0.27252674102783203,1.428825,6373.631037164421,7740.252785820103,0.39596022242852297,0.48086125426078047,-8.490103183225747
mistral-kind-code__mistral-7b-base__kind-code__all-linear-r16__s22__d79db6a95e,mistral_7b_base,kind_code,22,2,2.933587646484375,1.922556,15428.820027209804,9565.015022445072,0.9585115570953381,0.5942241484854579,36.428740860988015
mistral-kind-code__mistral-7b-base__kind-code__all-linear-r16__s22__d79db6a95e,mistral_7b_base,kind_code,22,4,1.5606246948242188,2.045542,14846.724135737662,9899.013559217388,0.9223489964892914,0.6149737234357526,30.737527305353876
mistral-kind-code__mistral-7b-base__kind-code__all-linear-r16__s22__d79db6a95e,mistral_7b_base,kind_code,22,8,0.7931880950927734,2.079295,11974.918938957868,9990.678078851135,0.7439388221541589,0.6206683586242887,12.32704635298702
mistral-kind-code__mistral-7b-base__kind-code__all-linear-r16__s22__d79db6a95e,mistral_7b_base,kind_code,22,2,3.4298141479492186,2.247763,15533.691718293805,10554.416988071152,0.9650266844828422,0.6556904963327305,30.933618815011172
mistral-kind-code__mistral-7b-base__kind-code__all-linear-r16__s22__d79db6a95e,mistral_7b_base,kind_code,22,1,7.412069702148438,2.428787,14233.385845124896,11152.688176161271,0.8842455097077587,0.6928579431660087,19.138756654175005
mistral-kind-code__mistral-7b-base__kind-code__all-linear-r16__s22__d79db6a95e,mistral_7b_base,kind_code,22,4,2.0007003784179687,2.622358,15949.23656494364,11612.386259984345,0.9908423033897216,0.7214165708084287,26.942573258129293
mistral-kind-code__mistral-7b-base__kind-code__all-linear-r16__s22__d79db6a95e,mistral_7b_base,kind_code,22,8,1.0417877197265626,2.730984,14263.287488587273,11870.354468307727,0.88610314177452,0.7374427807587081,14.866036101581189
mistral-kind-code__mistral-7b-base__kind-code__all-linear-r16__s22__d79db6a95e,mistral_7b_base,kind_code,22,16,0.5234672546386718,2.744476,11083.52223118009,11902.395665320404,0.6885610262595333,0.7394333320507483,-5.0872305791215
mistral-kind-code__mistral-7b-base__kind-code__all-linear-r16__s22__d79db6a95e,mistral_7b_base,kind_code,22,4,2.860748291015625,3.74964,16328.252360097802,13795.995491464992,1.0143885641754624,0.8570727441815765,15.731581999388595
mistral-kind-code__mistral-7b-base__kind-code__all-linear-r16__s22__d79db6a95e,mistral_7b_base,kind_code,22,8,1.5218040466308593,3.989318,15877.690032175247,14117.973367562761,0.9863974930667246,0.8770755386159177,10.932195445080698
mistral-kind-code__mistral-7b-base__kind-code__all-linear-r16__s22__d79db6a95e,mistral_7b_base,kind_code,22,16,0.7742393493652344,4.059244,13834.557877586238,14211.910337013493,0.859468422704056,0.882911349176819,-2.3442926472763053
mistral-kind-code__mistral-7b-base__kind-code__all-linear-r16__s22__d79db6a95e,mistral_7b_base,kind_code,22,4,3.3635040283203126,4.408612,16402.484405571042,14820.166918054494,1.0190002112986674,0.9206991360314779,9.830107526718935
mistral-kind-code__mistral-7b-base__kind-code__all-linear-r16__s22__d79db6a95e,mistral_7b_base,kind_code,22,2,7.288536071777344,4.776615,15568.633546548197,15385.551520252895,0.9671974367599969,0.9558235120015904,1.1373924758406497
mistral-kind-code__mistral-7b-base__kind-code__all-linear-r16__s22__d79db6a95e,mistral_7b_base,kind_code,22,8,1.9638595581054688,5.14814,16626.575741098946,15771.536725177903,1.032921829061375,0.9798027456134908,5.311908344788424
mistral-kind-code__mistral-7b-base__kind-code__all-linear-r16__s22__d79db6a95e,mistral_7b_base,kind_code,22,16,1.02252254486084,5.360963,15359.456332642687,15992.61632466612,0.954202355045657,0.9935372600335016,-3.9334904987844665
mistral-kind-code__mistral-7b-base__kind-code__all-linear-r16__s22__d79db6a95e,mistral_7b_base,kind_code,22,8,2.8266529083251952,7.409901,16773.70337180588,16680.00565910534,1.0420620960521072,1.0362411492565335,0.5820946795573513
mistral-kind-code__mistral-7b-base__kind-code__all-linear-r16__s22__d79db6a95e,mistral_7b_base,kind_code,22,16,1.4990606307983398,7.859395,16483.382935771646,16830.804454136924,1.0240260121060236,1.0456094864060315,-2.1583474300007834
mistral-kind-code__mistral-7b-base__kind-code__all-linear-r16__s22__d79db6a95e,mistral_7b_base,kind_code,22,8,3.336537170410156,8.746532,16765.71475385371,16845.285937069337,1.0415658051744592,1.046509144884782,-0.49433397103227233
mistral-kind-code__mistral-7b-base__kind-code__all-linear-r16__s22__d79db6a95e,mistral_7b_base,kind_code,22,4,7.228848266601562,9.474996,16419.665142443526,16841.4201236595,1.0200675602484022,1.0462689822006384,-2.6201421952236323
mistral-kind-code__mistral-7b-base__kind-code__all-linear-r16__s22__d79db6a95e,mistral_7b_base,kind_code,22,16,1.9453947067260742,10.199471,16722.859239800193,16837.575479078445,1.0389034171607865,1.0460301346246497,-0.7126717463863221
mistral-kind-code__mistral-7b-base__kind-code__all-linear-r16__s33__d6755d3785,mistral_7b_base,kind_code,33,1,2.2247894287109373,0.729019,13482.528878323268,4317.268877665398,0.8096258152378284,0.25925198204474,55.037383319308844
mistral-kind-code__mistral-7b-base__kind-code__all-linear-r16__s33__d6755d3785,mistral_7b_base,kind_code,33,2,1.1555374145507813,0.757293,12206.636435217632,4498.593928980705,0.7330084781842435,0.2701405507857441,46.286792739849936
mistral-kind-code__mistral-7b-base__kind-code__all-linear-r16__s33__d6755d3785,mistral_7b_base,kind_code,33,2,1.1562225341796875,0.757742,12206.636435217632,4501.473427744253,0.7330084781842435,0.2703134646771182,46.26950135071253
mistral-kind-code__mistral-7b-base__kind-code__all-linear-r16__s33__d6755d3785,mistral_7b_base,kind_code,33,4,0.5796974182128907,0.759821,8766.489549571561,4514.806340727366,0.5264276689039405,0.27111410605833586,25.531356284560466
mistral-kind-code__mistral-7b-base__kind-code__all-linear-r16__s33__d6755d3785,mistral_7b_base,kind_code,33,8,0.29125289916992186,0.763502,5979.866594957246,4538.413100078418,0.3590909695539118,0.2725316918804918,8.655927767342002
mistral-kind-code__mistral-7b-base__kind-code__all-linear-r16__s33__d6755d3785,mistral_7b_base,kind_code,33,1,3.0789947509765625,1.008925,14154.301785979449,5640.340423261979,0.8499657761549722,0.33870242404926865,51.126335210570346
mistral-kind-code__mistral-7b-base__kind-code__all-linear-r16__s33__d6755d3785,mistral_7b_base,kind_code,33,2,1.6348281860351563,1.071401,13912.296117325255,5916.907958488093,0.8354333365403726,0.3553103036389622,48.012303290141034
mistral-kind-code__mistral-7b-base__kind-code__all-linear-r16__s33__d6755d3785,mistral_7b_base,kind_code,33,4,0.8304931640625,1.088544,11541.71133708024,5992.796255696321,0.6930797282064034,0.3598673956391882,33.32123325672153
mistral-kind-code__mistral-7b-base__kind-code__all-linear-r16__s33__d6755d3785,mistral_7b_base,kind_code,33,1,3.5634918212890625,1.167685,14365.463405191607,6369.538473242421,0.8626460307010202,0.3824907645759808,48.01552661250394
mistral-kind-code__mistral-7b-base__kind-code__all-linear-r16__s33__d6755d3785,mistral_7b_base,kind_code,33,2,2.0746810913085936,1.359663,15171.771790400526,7294.266988804752,0.9110648466070947,0.4380207089241459,47.304413768294886
mistral-kind-code__mistral-7b-base__kind-code__all-linear-r16__s33__d6755d3785,mistral_7b_base,kind_code,33,4,1.0797294616699218,1.415223,13466.843022348316,7561.890968243246,0.8086838796376131,0.4540915280179173,35.45923516196957
mistral-kind-code__mistral-7b-base__kind-code__all-linear-r16__s33__d6755d3785,mistral_7b_base,kind_code,33,8,0.5421230316162109,1.421143,10011.790789591687,7590.406698233813,0.60120800431186,0.45580389751099015,14.540410680086977
mistral-kind-code__mistral-7b-base__kind-code__all-linear-r16__s33__d6755d3785,mistral_7b_base,kind_code,33,16,0.27252674102783203,1.428825,6749.497259686817,7627.409711373599,0.40530728846464154,0.45802592832953504,-5.271863986489351
mistral-kind-code__mistral-7b-base__kind-code__all-linear-r16__s33__d6755d3785,mistral_7b_base,kind_code,33,2,2.9342575073242188,1.922995,15644.939863121675,9698.611341302256,0.939478587833141,0.5824015794619398,35.707700837120115
mistral-kind-code__mistral-7b-base__kind-code__all-linear-r16__s33__d6755d3785,mistral_7b_base,kind_code,33,4,1.5605987548828124,2.045508,15242.371757702844,10201.609773490563,0.9153043744136921,0.6126066336768472,30.26977407368449
mistral-kind-code__mistral-7b-base__kind-code__all-linear-r16__s33__d6755d3785,mistral_7b_base,kind_code,33,8,0.7931880950927734,2.079295,12972.511161418966,10340.328179115651,0.7789992529985837,0.620936673482901,15.80625795156827
mistral-kind-code__mistral-7b-base__kind-code__all-linear-r16__s33__d6755d3785,mistral_7b_base,kind_code,33,2,3.433491516113281,2.250173,15772.390117791234,10794.863487280743,0.9471319752110097,0.6482315172580331,29.890045795297663
mistral-kind-code__mistral-7b-base__kind-code__all-linear-r16__s33__d6755d3785,mistral_7b_base,kind_code,33,1,7.409832763671875,2.428054,14493.560621488446,11252.32616118571,0.8703382681225004,0.6757021493363118,19.463611878618856
mistral-kind-code__mistral-7b-base__kind-code__all-linear-r16__s33__d6755d3785,mistral_7b_base,kind_code,33,4,2.000873565673828,2.622585,16177.109356280664,11700.923384985252,0.971435364164343,0.7026404111646297,26.87949529997132
mistral-kind-code__mistral-7b-base__kind-code__all-linear-r16__s33__d6755d3785,mistral_7b_base,kind_code,33,8,1.0417900085449219,2.73099,14738.702541514227,11950.910184240842,0.8850590396217506,0.7176521176458528,16.740692197589777
mistral-kind-code__mistral-7b-base__kind-code__all-linear-r16__s33__d6755d3785,mistral_7b_base,kind_code,33,16,0.5234704971313476,2.744493,10980.478812500995,11982.048708758606,0.659377716933058,0.7195219859417428,-6.0144269008684805
mistral-kind-code__mistral-7b-base__kind-code__all-linear-r16__s33__d6755d3785,mistral_7b_base,kind_code,33,4,2.8622459411621093,3.751603,16616.472547783327,14322.864845726104,0.9978191223833037,0.8600879873438378,13.773113503946595
mistral-kind-code__mistral-7b-base__kind-code__all-linear-r16__s33__d6755d3785,mistral_7b_base,kind_code,33,8,1.5219154357910156,3.98961,16231.680935652708,14817.305918782575,0.9747123873279233,0.8897791721707451,8.493321515717826
mistral-kind-code__mistral-7b-base__kind-code__all-linear-r16__s33__d6755d3785,mistral_7b_base,kind_code,33,16,0.7742475509643555,4.059287,14559.049344207073,14961.926015066842,0.8742708657084917,0.898463608481664,-2.419274277317233
mistral-kind-code__mistral-7b-base__kind-code__all-linear-r16__s33__d6755d3785,mistral_7b_base,kind_code,33,4,3.3685943603515627,4.415284,16709.268679417582,15408.294516738024,1.0033915297857527,0.9252680355534317,7.812349423232097
mistral-kind-code__mistral-7b-base__kind-code__all-linear-r16__s33__d6755d3785,mistral_7b_base,kind_code,33,2,7.293896484375,4.780128,15850.417023659393,15860.31079711058,0.9518174906543002,0.9524116117178252,-0.0594121063525001
mistral-kind-code__mistral-7b-base__kind-code__all-linear-r16__s33__d6755d3785,mistral_7b_base,kind_code,33,8,1.9641010284423828,5.148773,17020.070005569913,16181.656087175761,1.0220551484090843,0.9717083953397873,5.034675306929698
mistral-kind-code__mistral-7b-base__kind-code__all-linear-r16__s33__d6755d3785,mistral_7b_base,kind_code,33,16,1.0225299835205077,5.361002,15741.973995882014,16366.548508636091,0.9453054871894103,0.982811184646383,-3.750569745697267
mistral-kind-code__mistral-7b-base__kind-code__all-linear-r16__s33__d6755d3785,mistral_7b_base,kind_code,33,8,2.827187347412109,7.411302,17256.328684033695,17043.6259939218,1.0362424812814643,1.0234696854329055,1.2772795848558858
mistral-kind-code__mistral-7b-base__kind-code__all-linear-r16__s33__d6755d3785,mistral_7b_base,kind_code,33,16,1.4991348266601563,7.859784,16928.948872392415,17191.72971764804,1.016583324658509,1.0323633135603705,-1.5779988901861621
mistral-kind-code__mistral-7b-base__kind-code__all-linear-r16__s33__d6755d3785,mistral_7b_base,kind_code,33,8,3.339611053466797,8.75459,17285.256768579027,17240.530952021054,1.0379796126642082,1.0352938275255503,0.26857851386579074
mistral-kind-code__mistral-7b-base__kind-code__all-linear-r16__s33__d6755d3785,mistral_7b_base,kind_code,33,4,7.235868835449219,9.484198,16769.953614076134,17266.943136201626,1.00703565991438,1.036879879099583,-2.9844219185203102
mistral-kind-code__mistral-7b-base__kind-code__all-linear-r16__s33__d6755d3785,mistral_7b_base,kind_code,33,16,1.9455171585083009,10.200113,17155.16056865116,17292.85962675221,1.0301673362821944,1.0384361642727493,-0.8268827990554891
mistral-panel-math__mistral-7b-base__panel-math__all-linear-r16__s11__a40ac04e3d,mistral_7b_base,panel_math,11,1,2.222564697265625,0.72829,21364.858833713388,7038.123989764778,0.7596661476827922,0.2502532115860073,50.94129360967849
mistral-panel-math__mistral-7b-base__panel-math__all-linear-r16__s11__a40ac04e3d,mistral_7b_base,panel_math,11,2,1.1555404663085938,0.757295,19862.774673186606,7379.663347060667,0.7062568321050964,0.2623972603652862,44.38595717398101
mistral-panel-math__mistral-7b-base__panel-math__all-linear-r16__s11__a40ac04e3d,mistral_7b_base,panel_math,11,2,1.1562255859375,0.757744,19862.774673186606,7384.950406927098,0.7062568321050964,0.26258525132897853,44.367158077611776
mistral-panel-math__mistral-7b-base__panel-math__all-linear-r16__s11__a40ac04e3d,mistral_7b_base,panel_math,11,4,0.5796989440917969,0.759823,15246.69860220715,7409.431024883249,0.5421239092739749,0.263455703920329,27.86682053536459
mistral-panel-math__mistral-7b-base__panel-math__all-linear-r16__s11__a40ac04e3d,mistral_7b_base,panel_math,11,8,0.291253662109375,0.763504,10132.381023802242,7452.775495636781,0.3602751096609157,0.26499689487211414,9.527821478880158
mistral-panel-math__mistral-7b-base__panel-math__all-linear-r16__s11__a40ac04e3d,mistral_7b_base,panel_math,11,1,3.0779052734375,1.008568,22510.116073976285,10318.488688815536,0.8003878375655952,0.36689250386114297,43.34953337044522
mistral-panel-math__mistral-7b-base__panel-math__all-linear-r16__s11__a40ac04e3d,mistral_7b_base,panel_math,11,2,1.6339508056640626,1.070826,22908.67941283121,11046.350455389078,0.814559477012973,0.3927729437255991,42.17865332873739
mistral-panel-math__mistral-7b-base__panel-math__all-linear-r16__s11__a40ac04e3d,mistral_7b_base,panel_math,11,4,0.8304946899414063,1.088546,20109.55343963982,11253.515968314054,0.7150314969086663,0.40013908774561524,31.489240916305107
mistral-panel-math__mistral-7b-base__panel-math__all-linear-r16__s11__a40ac04e3d,mistral_7b_base,panel_math,11,1,3.563336181640625,1.167634,22939.778219486056,12070.157622667402,0.8156652512580965,0.4291762568852947,38.648899437280186
mistral-panel-math__mistral-7b-base__panel-math__all-linear-r16__s11__a40ac04e3d,mistral_7b_base,panel_math,11,2,2.07230224609375,1.358104,25046.87852554698,13992.778579018252,0.8905870087452402,0.4975385178640816,39.304849088115866
mistral-panel-math__mistral-7b-base__panel-math__all-linear-r16__s11__a40ac04e3d,mistral_7b_base,panel_math,11,4,1.0797309875488281,1.415225,23327.69054574236,14569.362984161933,0.8294581747133543,0.5180400178870211,31.141815682633318
mistral-panel-math__mistral-7b-base__panel-math__all-linear-r16__s11__a40ac04e3d,mistral_7b_base,panel_math,11,8,0.5421237945556641,1.421145,19148.472710363632,14629.119985587864,0.680858535556386,0.5201647860132059,16.06937495431801
mistral-panel-math__mistral-7b-base__panel-math__all-linear-r16__s11__a40ac04e3d,mistral_7b_base,panel_math,11,16,0.2725271224975586,1.428827,12110.199931678082,14706.662770208472,0.43060003351153975,0.5229219597877586,-9.232192627621876
mistral-panel-math__mistral-7b-base__panel-math__all-linear-r16__s11__a40ac04e3d,mistral_7b_base,panel_math,11,2,2.930035400390625,1.920228,25915.92213366302,18725.779693990477,0.9214874240058414,0.6658289218388399,25.56585021670015
mistral-panel-math__mistral-7b-base__panel-math__all-linear-r16__s11__a40ac04e3d,mistral_7b_base,panel_math,11,4,1.5598899841308593,2.044579,25819.499178529757,19551.182634716515,0.9180589316650125,0.6951776143412193,22.28813173237932
mistral-panel-math__mistral-7b-base__panel-math__all-linear-r16__s11__a40ac04e3d,mistral_7b_base,panel_math,11,8,0.7931785583496094,2.07927,23622.284721456494,19781.450613395635,0.8399330027633015,0.7033652082616546,13.656779450164692
mistral-panel-math__mistral-7b-base__panel-math__all-linear-r16__s11__a40ac04e3d,mistral_7b_base,panel_math,11,2,3.4216964721679686,2.242443,26200.30370065606,20692.10929912981,0.9315991243054332,0.735745322777268,19.585380152816516
mistral-panel-math__mistral-7b-base__panel-math__all-linear-r16__s11__a40ac04e3d,mistral_7b_base,panel_math,11,1,7.417724609375,2.43064,23179.3339196601,21732.148679756257,0.824183086892915,0.7727258016031873,5.145728528972777
mistral-panel-math__mistral-7b-base__panel-math__all-linear-r16__s11__a40ac04e3d,mistral_7b_base,panel_math,11,4,1.9979156494140624,2.618708,27337.109352377982,22767.377767507704,0.9720203026913575,0.8095352417769899,16.248506091436763
mistral-panel-math__mistral-7b-base__panel-math__all-linear-r16__s11__a40ac04e3d,mistral_7b_base,panel_math,11,8,1.0417724609375,2.730944,25952.023990841633,23385.186070317704,0.922771090749466,0.8315025319451573,9.12685588043086
mistral-panel-math__mistral-7b-base__panel-math__all-linear-r16__s11__a40ac04e3d,mistral_7b_base,panel_math,11,16,0.5234661102294922,2.74447,21507.811132138373,23459.64056890825,0.7647490748714121,0.834149896131467,-6.940082126005481
mistral-panel-math__mistral-7b-base__panel-math__all-linear-r16__s11__a40ac04e3d,mistral_7b_base,panel_math,11,4,2.855937194824219,3.743334,27949.15559298195,26048.60112332053,0.9937827123296402,0.9262050651443131,6.757764718532712
mistral-panel-math__mistral-7b-base__panel-math__all-linear-r16__s11__a40ac04e3d,mistral_7b_base,panel_math,11,8,1.521209716796875,3.98776,27841.15312212216,26488.94365889231,0.9899424893908013,0.9418622393977103,4.808024999309093
mistral-panel-math__mistral-7b-base__panel-math__all-linear-r16__s11__a40ac04e3d,mistral_7b_base,panel_math,11,16,0.7742397308349609,4.059246,26121.7596449238,26617.616312412323,0.9288063485278861,0.9464374280180735,-1.763107949018739
mistral-panel-math__mistral-7b-base__panel-math__all-linear-r16__s11__a40ac04e3d,mistral_7b_base,panel_math,11,4,3.3500579833984374,4.390988,28141.805074800897,26975.043954883855,1.0006327126430308,0.959146413476158,4.148629916687286
mistral-panel-math__mistral-7b-base__panel-math__all-linear-r16__s11__a40ac04e3d,mistral_7b_base,panel_math,11,2,7.2787933349609375,4.77023,26366.73931485068,27476.97051015155,0.9375170432047116,0.9769933187905159,-3.947627558580417
mistral-panel-math__mistral-7b-base__panel-math__all-linear-r16__s11__a40ac04e3d,mistral_7b_base,panel_math,11,8,1.9611133575439452,5.140941,28682.61190132169,27747.233259059707,1.0198620762321466,0.9866029990099445,3.325907722220209
mistral-panel-math__mistral-7b-base__panel-math__all-linear-r16__s11__a40ac04e3d,mistral_7b_base,panel_math,11,16,1.0225233078002929,5.360967,27597.098437256827,27907.508975342458,0.9812646842286615,0.992301891612197,-1.1037207383535441
mistral-panel-math__mistral-7b-base__panel-math__all-linear-r16__s11__a40ac04e3d,mistral_7b_base,panel_math,11,8,2.820388412475586,7.393479,28842.588538477165,28570.055113879145,1.025550334535795,1.015859916340638,0.9690418195156957
mistral-panel-math__mistral-7b-base__panel-math__all-linear-r16__s11__a40ac04e3d,mistral_7b_base,panel_math,11,16,1.498179054260254,7.854773,28714.752595686765,28720.42498054175,1.0210048966767937,1.0212065885664756,-0.020169188968197697
mistral-panel-math__mistral-7b-base__panel-math__all-linear-r16__s11__a40ac04e3d,mistral_7b_base,panel_math,11,8,3.3194976806640626,8.701864,28901.265958520282,28752.93485125282,1.0276367161958406,1.0223625357429567,0.5274180452883951
mistral-panel-math__mistral-7b-base__panel-math__all-linear-r16__s11__a40ac04e3d,mistral_7b_base,panel_math,11,4,7.2087860107421875,9.4487,28249.495536304836,28768.967878153762,1.0044618415256326,1.0229326189752554,-1.8470777449623026
mistral-panel-math__mistral-7b-base__panel-math__all-linear-r16__s11__a40ac04e3d,mistral_7b_base,panel_math,11,16,1.9428327560424805,10.186039,28746.105501559534,28784.797024073498,1.0221197058785958,1.0234954528509925,-0.13757469723967353
mistral-panel-math__mistral-7b-base__panel-math__all-linear-r16__s22__4d40f6fb72,mistral_7b_base,panel_math,22,1,2.2228607177734374,0.728387,20863.22667759876,6801.7823290849665,0.7154941353879655,0.23326379192683502,48.22303434611305
mistral-panel-math__mistral-7b-base__panel-math__all-linear-r16__s22__4d40f6fb72,mistral_7b_base,panel_math,22,2,1.1555404663085938,0.757295,19708.666738322074,7176.2322011503975,0.6758990680346816,0.24610536679920397,42.97937012354776
mistral-panel-math__mistral-7b-base__panel-math__all-linear-r16__s22__4d40f6fb72,mistral_7b_base,panel_math,22,2,1.1562255859375,0.757744,19708.666738322074,7182.048168791098,0.6758990680346816,0.24630482255946734,42.959424547521415
mistral-panel-math__mistral-7b-base__panel-math__all-linear-r16__s22__4d40f6fb72,mistral_7b_base,panel_math,22,4,0.5796989440917969,0.759823,14715.422928961565,7208.977782877995,0.5046582184111803,0.24722836047837057,25.742985793280972
mistral-panel-math__mistral-7b-base__panel-math__all-linear-r16__s22__4d40f6fb72,mistral_7b_base,panel_math,22,8,0.291253662109375,0.763504,10173.040910379626,7256.658355005879,0.3488794529685001,0.2488635423347837,10.001591063371638
mistral-panel-math__mistral-7b-base__panel-math__all-linear-r16__s22__4d40f6fb72,mistral_7b_base,panel_math,22,1,3.07796630859375,1.008588,22078.152526984326,10168.462146984473,0.7571594220475775,0.3487224265215757,40.84369955260018
mistral-panel-math__mistral-7b-base__panel-math__all-linear-r16__s22__4d40f6fb72,mistral_7b_base,panel_math,22,2,1.6339462280273438,1.070823,22975.159593765507,10905.672489747245,0.7879218398461921,0.37400469397450375,41.39171458716884
mistral-panel-math__mistral-7b-base__panel-math__all-linear-r16__s22__4d40f6fb72,mistral_7b_base,panel_math,22,4,0.8304946899414063,1.088546,20440.09485678653,11115.611895303355,0.7009830369387382,0.3812044630123159,31.977857392642232
mistral-panel-math__mistral-7b-base__panel-math__all-linear-r16__s22__4d40f6fb72,mistral_7b_base,panel_math,22,1,3.5611114501953125,1.166905,22564.35796318707,12065.13614182658,0.7738335992289208,0.4137679317554086,36.00656674735122
mistral-panel-math__mistral-7b-base__panel-math__all-linear-r16__s22__4d40f6fb72,mistral_7b_base,panel_math,22,2,2.072027587890625,1.357924,25326.50886528027,14388.751314856512,0.868560210890877,0.4934551754829813,37.51050354078958
mistral-panel-math__mistral-7b-base__panel-math__all-linear-r16__s22__4d40f6fb72,mistral_7b_base,panel_math,22,4,1.0797210693359376,1.415212,23705.386458688117,15085.620558400551,0.8129646123486765,0.5173539647063841,29.561064764229236
mistral-panel-math__mistral-7b-base__panel-math__all-linear-r16__s22__4d40f6fb72,mistral_7b_base,panel_math,22,8,0.5421237945556641,1.421145,18966.522884791524,15157.791435756135,0.6504476082475203,0.5198290295796987,13.061857866782166
mistral-panel-math__mistral-7b-base__panel-math__all-linear-r16__s22__4d40f6fb72,mistral_7b_base,panel_math,22,16,0.2725271224975586,1.428827,12325.589221362457,15251.23769900333,0.42270004248935106,0.5230337233866771,-10.033368089732605
mistral-panel-math__mistral-7b-base__panel-math__all-linear-r16__s22__4d40f6fb72,mistral_7b_base,panel_math,22,2,2.929606628417969,1.919947,26409.961687612,18940.32769597705,0.9057166945128589,0.6495492570834475,25.616743742941146
mistral-panel-math__mistral-7b-base__panel-math__all-linear-r16__s22__4d40f6fb72,mistral_7b_base,panel_math,22,4,1.5599647521972657,2.044677,26531.483198310456,19557.874237540625,0.9098842151735814,0.6707277131126044,23.915650206097705
mistral-panel-math__mistral-7b-base__panel-math__all-linear-r16__s22__4d40f6fb72,mistral_7b_base,panel_math,22,8,0.7931808471679688,2.079276,23897.822543928676,19729.17619209493,0.8195641135933461,0.6766024297016592,14.296168389168693
mistral-panel-math__mistral-7b-base__panel-math__all-linear-r16__s22__4d40f6fb72,mistral_7b_base,panel_math,22,2,3.42000732421875,2.241336,26714.164888937536,20600.313186663465,0.9161491942348873,0.7064776460507451,20.96715481841421
mistral-panel-math__mistral-7b-base__panel-math__all-linear-r16__s22__4d40f6fb72,mistral_7b_base,panel_math,22,1,7.413787841796875,2.42935,22837.787162808825,21611.403716610475,0.7832107196425743,0.7411525003147865,4.205821932778778
mistral-panel-math__mistral-7b-base__panel-math__all-linear-r16__s22__4d40f6fb72,mistral_7b_base,panel_math,22,4,1.9979446411132813,2.618746,28135.815171004437,22583.466426597675,0.9649039940129908,0.7744889146179466,19.04150793950442
mistral-panel-math__mistral-7b-base__panel-math__all-linear-r16__s22__4d40f6fb72,mistral_7b_base,panel_math,22,8,1.0417713165283202,2.730941,26665.76927008407,23159.300001472617,0.9144894902014117,0.7942368448949485,12.02526453064632
mistral-panel-math__mistral-7b-base__panel-math__all-linear-r16__s22__4d40f6fb72,mistral_7b_base,panel_math,22,16,0.5234657287597656,2.744468,21875.330441059978,23228.72645334064,0.750203737998866,0.7966177910410067,-4.641405304214071
mistral-panel-math__mistral-7b-base__panel-math__all-linear-r16__s22__4d40f6fb72,mistral_7b_base,panel_math,22,4,2.856214904785156,3.743698,28856.90619802827,26337.33159803021,0.9896334574315333,0.9032258811812724,8.640757625026087
mistral-panel-math__mistral-7b-base__panel-math__all-linear-r16__s22__4d40f6fb72,mistral_7b_base,panel_math,22,8,1.5210205078125,3.987264,28677.830342223482,26969.129071336276,0.9834921387085056,0.9248930659312131,5.8599072777292465
mistral-panel-math__mistral-7b-base__panel-math__all-linear-r16__s22__4d40f6fb72,mistral_7b_base,panel_math,22,16,0.7742353439331054,4.059223,26625.95033397542,27155.783657628876,0.9131239192998734,0.9312942935025464,-1.8170374202673105
mistral-panel-math__mistral-7b-base__panel-math__all-linear-r16__s22__4d40f6fb72,mistral_7b_base,panel_math,22,4,3.350965118408203,4.392177,29048.35501496974,27472.97341018215,0.9961991007936727,0.9421721606351844,5.402694015848823
mistral-panel-math__mistral-7b-base__panel-math__all-linear-r16__s22__4d40f6fb72,mistral_7b_base,panel_math,22,2,7.276632690429688,4.768814,26945.573956262262,28027.46155634416,0.924085254802365,0.9611880598942881,-3.710280509192312
mistral-panel-math__mistral-7b-base__panel-math__all-linear-r16__s22__4d40f6fb72,mistral_7b_base,panel_math,22,8,1.9612201690673827,5.141221,29643.135716324112,28368.587290866762,1.016596813488705,0.9728867997993145,4.371001368939051
mistral-panel-math__mistral-7b-base__panel-math__all-linear-r16__s22__4d40f6fb72,mistral_7b_base,panel_math,22,16,1.0225189208984375,5.360944,28456.052981345678,28569.80751868944,0.97588639279384,0.979787548909381,-0.3901156115540976
mistral-panel-math__mistral-7b-base__panel-math__all-linear-r16__s22__4d40f6fb72,mistral_7b_base,panel_math,22,8,2.8214672088623045,7.396307,29847.705230080745,29456.717313571877,1.0236124247186398,1.0102036857161525,1.3408739002487415
mistral-panel-math__mistral-7b-base__panel-math__all-linear-r16__s22__4d40f6fb72,mistral_7b_base,panel_math,22,16,1.4981149673461913,7.854437,29788.982073745377,29656.34754382048,1.0215985428479828,1.017049906638556,0.4548636209426726
mistral-panel-math__mistral-7b-base__panel-math__all-linear-r16__s22__4d40f6fb72,mistral_7b_base,panel_math,22,8,3.3226783752441404,8.710202,29873.774014011462,29710.859331554642,1.024506440889166,1.0189193616867143,0.5587079202451685
mistral-panel-math__mistral-7b-base__panel-math__all-linear-r16__s22__4d40f6fb72,mistral_7b_base,panel_math,22,4,7.211052703857422,9.451671,29189.31994813767,29741.79110859773,1.0010334241002063,1.0199801518230367,-1.8946727722830459
mistral-panel-math__mistral-7b-base__panel-math__all-linear-r16__s22__4d40f6fb72,mistral_7b_base,panel_math,22,16,1.94287109375,10.18624,29871.52892479789,29772.435039133954,1.0244294466547383,1.0210310704044585,0.3398376250279648
mistral-panel-math__mistral-7b-base__panel-math__all-linear-r16__s33__5def8675b7,mistral_7b_base,panel_math,33,1,2.222247314453125,0.728186,20841.49791251637,7359.241317971271,0.7046817009978228,0.24882677395692596,45.58549270408968
mistral-panel-math__mistral-7b-base__panel-math__all-linear-r16__s33__5def8675b7,mistral_7b_base,panel_math,33,2,1.1555404663085938,0.757295,19488.0576108116,7733.667439641711,0.6589198935688303,0.2614866718886522,39.74332216801781
mistral-panel-math__mistral-7b-base__panel-math__all-linear-r16__s33__5def8675b7,mistral_7b_base,panel_math,33,2,1.1562255859375,0.757744,19488.0576108116,7739.442881210642,0.6589198935688303,0.261681948063421,39.72379455054093
mistral-panel-math__mistral-7b-base__panel-math__all-linear-r16__s33__5def8675b7,mistral_7b_base,panel_math,33,4,0.5796989440917969,0.759823,14103.295828876231,7766.184847851642,0.4768531770645684,0.26258613329135944,21.4267043773209
mistral-panel-math__mistral-7b-base__panel-math__all-linear-r16__s33__5def8675b7,mistral_7b_base,panel_math,33,8,0.291253662109375,0.763504,10615.507434226645,7813.533178397826,0.358925921116899,0.26418704999363996,9.473887112325905
mistral-panel-math__mistral-7b-base__panel-math__all-linear-r16__s33__5def8675b7,mistral_7b_base,panel_math,33,1,3.077740478515625,1.008514,21763.365477229836,10863.599564445605,0.7358513993718957,0.3673142809680342,36.853711840386154
mistral-panel-math__mistral-7b-base__panel-math__all-linear-r16__s33__5def8675b7,mistral_7b_base,panel_math,33,2,1.6342025756835938,1.070991,22550.345826225443,11640.508809552306,0.7624603625716586,0.39358272533133204,36.887763724032666
mistral-panel-math__mistral-7b-base__panel-math__all-linear-r16__s33__5def8675b7,mistral_7b_base,panel_math,33,4,0.8304946899414063,1.088546,19792.010203919803,11858.807412203652,0.6691969778375937,0.40096372219093945,26.82332556466542
mistral-panel-math__mistral-7b-base__panel-math__all-linear-r16__s33__5def8675b7,mistral_7b_base,panel_math,33,1,3.5639404296875,1.167832,22180.814890024274,12669.097205594133,0.7499659780611685,0.4283608119924679,32.16051660687006
mistral-panel-math__mistral-7b-base__panel-math__all-linear-r16__s33__5def8675b7,mistral_7b_base,panel_math,33,2,2.07181396484375,1.357784,24673.08490155055,14539.152990855948,0.8342332931284544,0.4915901488304748,34.26431442979796
mistral-panel-math__mistral-7b-base__panel-math__all-linear-r16__s33__5def8675b7,mistral_7b_base,panel_math,33,4,1.07972412109375,1.415216,23318.953158538978,15104.5644835444,0.7884481070518109,0.5107075430841832,27.774056396762763
mistral-panel-math__mistral-7b-base__panel-math__all-linear-r16__s33__5def8675b7,mistral_7b_base,panel_math,33,8,0.5421222686767578,1.421141,18726.826406746015,15162.895433087842,0.6331815468345773,0.5126797982895255,12.050174854505173
mistral-panel-math__mistral-7b-base__panel-math__all-linear-r16__s33__5def8675b7,mistral_7b_base,panel_math,33,16,0.2725271224975586,1.428827,12542.17741126407,15238.563226875338,0.42406946705487153,0.5152382377002025,-9.1168770645331
mistral-panel-math__mistral-7b-base__panel-math__all-linear-r16__s33__5def8675b7,mistral_7b_base,panel_math,33,2,2.9295257568359374,1.919894,25596.7539003248,18882.783933494622,0.8654639006379223,0.6384547002179826,22.700920041993975
mistral-panel-math__mistral-7b-base__panel-math__all-linear-r16__s33__5def8675b7,mistral_7b_base,panel_math,33,4,1.559992218017578,2.044713,26126.554414181413,19809.10348619504,0.8833772353157427,0.6697749268544979,21.360230846124487
mistral-panel-math__mistral-7b-base__panel-math__all-linear-r16__s33__5def8675b7,mistral_7b_base,panel_math,33,8,0.7931800842285156,2.079274,23771.320604240213,20065.591120776946,0.8037433157959648,0.6784471510574205,12.529616473854428
mistral-panel-math__mistral-7b-base__panel-math__all-linear-r16__s33__5def8675b7,mistral_7b_base,panel_math,33,2,3.4201919555664064,2.241457,25943.3074269644,21183.04854426808,0.8771813851327641,0.7162300302575509,16.09513548752132
mistral-panel-math__mistral-7b-base__panel-math__all-linear-r16__s33__5def8675b7,mistral_7b_base,panel_math,33,1,7.41619873046875,2.43014,22413.59284504637,22435.445504137497,0.7578365431226776,0.7585754136704808,-0.07388705478032623
mistral-panel-math__mistral-7b-base__panel-math__all-linear-r16__s33__5def8675b7,mistral_7b_base,panel_math,33,4,1.9977073669433594,2.618435,27999.802154478515,23171.56908416396,0.9467144968486644,0.7834648347041834,16.324966214448093
mistral-panel-math__mistral-7b-base__panel-math__all-linear-r16__s33__5def8675b7,mistral_7b_base,panel_math,33,8,1.0417728424072266,2.730945,26350.702899931155,23611.417534673943,0.8909560253277291,0.7983367578062408,9.261926752148835
mistral-panel-math__mistral-7b-base__panel-math__all-linear-r16__s33__5def8675b7,mistral_7b_base,panel_math,33,16,0.5234672546386718,2.744476,22213.317116214013,23664.25216378388,0.7510649261374412,0.8001231743329732,-4.905824819553202
mistral-panel-math__mistral-7b-base__panel-math__all-linear-r16__s33__5def8675b7,mistral_7b_base,panel_math,33,4,2.856829833984375,3.744504,28754.92544791659,26744.586285012578,0.9722463261402363,0.9042738019558316,6.797252418440468
mistral-panel-math__mistral-7b-base__panel-math__all-linear-r16__s33__5def8675b7,mistral_7b_base,panel_math,33,8,1.5211956024169921,3.987723,28684.36918672657,27065.063678323175,0.9698607151654334,0.9151096140264139,5.475110113901955
mistral-panel-math__mistral-7b-base__panel-math__all-linear-r16__s33__5def8675b7,mistral_7b_base,panel_math,33,16,0.7742345809936524,4.059219,26679.89475697352,27159.495483511997,0.9020864862355286,0.9183024922632891,-1.6216006027760577
mistral-panel-math__mistral-7b-base__panel-math__all-linear-r16__s33__5def8675b7,mistral_7b_base,panel_math,33,4,3.3534027099609376,4.395372,29000.20248257563,27767.7556040919,0.9805395034696562,0.9388686616537326,4.167084181592362
mistral-panel-math__mistral-7b-base__panel-math__all-linear-r16__s33__5def8675b7,mistral_7b_base,panel_math,33,2,7.278079223632813,4.769762,26174.0646384333,28186.392109799537,0.8849836258823489,0.9530233777005421,-6.803975181819326
mistral-panel-math__mistral-7b-base__panel-math__all-linear-r16__s33__5def8675b7,mistral_7b_base,panel_math,33,8,1.9612197875976562,5.14122,29869.692875745975,28558.544127838166,1.009938252630223,0.9656063848434088,4.433186778681424
mistral-panel-math__mistral-7b-base__panel-math__all-linear-r16__s33__5def8675b7,mistral_7b_base,panel_math,33,16,1.0225168228149415,5.360933,28385.06386629802,28778.282065627627,0.9597407620218245,0.9730360477412103,-1.3295285719385832
mistral-panel-math__mistral-7b-base__panel-math__all-linear-r16__s33__5def8675b7,mistral_7b_base,panel_math,33,8,2.8216121673583983,7.396687,30133.30350685769,29727.677359026344,1.018851315823313,1.005136499113746,1.3714816709567106
mistral-panel-math__mistral-7b-base__panel-math__all-linear-r16__s33__5def8675b7,mistral_7b_base,panel_math,33,16,1.4981260299682617,7.854495,29874.692737765137,29941.180935824068,1.0101073053195837,1.0123553690960512,-0.22480637764673259
mistral-panel-math__mistral-7b-base__panel-math__all-linear-r16__s33__5def8675b7,mistral_7b_base,panel_math,33,8,3.3235382080078124,8.712456,30153.15850373917,30005.263464857588,1.0195226424733685,1.0145220936641766,0.500054880919208
mistral-panel-math__mistral-7b-base__panel-math__all-linear-r16__s33__5def8675b7,mistral_7b_base,panel_math,33,4,7.214875793457031,9.456682,29132.748784571188,30044.081273135103,0.9850210889076735,1.015834580860674,-3.0813491953000463
mistral-panel-math__mistral-7b-base__panel-math__all-linear-r16__s33__5def8675b7,mistral_7b_base,panel_math,33,16,1.9429325103759765,10.186562,30155.557297781917,30082.150813712287,1.019603749228434,1.017121768025567,0.24819812028669552
qwen25-kind-code__qwen25-7b-base__kind-code__all-linear-r16__s11__5ebaf38834,qwen25_7b_base,kind_code,11,1,2.1922337915990258,0.691413,7526.050057656612,1081.7708656251616,0.9555852839745801,0.13735283606999,81.82324479045901
qwen25-kind-code__qwen25-7b-base__kind-code__all-linear-r16__s11__5ebaf38834,qwen25_7b_base,kind_code,11,2,1.1409436510754871,0.719689,7206.571800115271,1132.956014632869,0.915021014654346,0.14385183285782707,77.11691817965189
qwen25-kind-code__qwen25-7b-base__kind-code__all-linear-r16__s11__5ebaf38834,qwen25_7b_base,kind_code,11,2,1.1415666852678572,0.720082,7206.571800115271,1133.6674223128814,0.915021014654346,0.1439421605469493,77.10788541073967
qwen25-kind-code__qwen25-7b-base__kind-code__all-linear-r16__s11__5ebaf38834,qwen25_7b_base,kind_code,11,4,0.572225199117289,0.721901,4997.764828404528,1136.9601718547196,0.6345679986449823,0.14436024214113077,49.020775650385154
qwen25-kind-code__qwen25-7b-base__kind-code__all-linear-r16__s11__5ebaf38834,qwen25_7b_base,kind_code,11,8,0.2873891855215097,0.725122,1852.5686302956456,1142.7908185145664,0.23522130561202756,0.14510056144561595,9.012074416641159
qwen25-kind-code__qwen25-7b-base__kind-code__all-linear-r16__s11__5ebaf38834,qwen25_7b_base,kind_code,11,1,3.045768440543831,0.960611,7627.357608145321,1621.3428277375506,0.9684483401143722,0.20586248225754583,76.25858578568264
qwen25-kind-code__qwen25-7b-base__kind-code__all-linear-r16__s11__5ebaf38834,qwen25_7b_base,kind_code,11,2,1.6193483030641234,1.021459,7496.630506760062,1745.3965040412395,0.951849873010992,0.22161362217697153,73.02362508340205
qwen25-kind-code__qwen25-7b-base__kind-code__all-linear-r16__s11__5ebaf38834,qwen25_7b_base,kind_code,11,4,0.823154201755276,1.038465,6857.656903395196,1780.0674352011877,0.8707191646651858,0.2260158027822462,64.47033618829396
qwen25-kind-code__qwen25-7b-base__kind-code__all-linear-r16__s11__5ebaf38834,qwen25_7b_base,kind_code,11,1,3.5177239752435066,1.109462,7671.706492271769,1959.029177621451,0.9740793338902923,0.24873863961446646,72.5340694275826
qwen25-kind-code__qwen25-7b-base__kind-code__all-linear-r16__s11__5ebaf38834,qwen25_7b_base,kind_code,11,2,2.057528409090909,1.297856,7705.266519898418,2448.806871016102,0.9783404626741994,0.3109258895850933,66.74145730891061
qwen25-kind-code__qwen25-7b-base__kind-code__all-linear-r16__s11__5ebaf38834,qwen25_7b_base,kind_code,11,4,1.0724511084618507,1.35297,7355.227066374529,2592.0896071634993,0.9338958273030014,0.32911855015220864,60.47772771507926
qwen25-kind-code__qwen25-7b-base__kind-code__all-linear-r16__s11__5ebaf38834,qwen25_7b_base,kind_code,11,8,0.5382785549411526,1.35815,5486.670986210898,2605.5563229388654,0.696644589428354,0.3308284239000342,36.58161655283198
qwen25-kind-code__qwen25-7b-base__kind-code__all-linear-r16__s11__5ebaf38834,qwen25_7b_base,kind_code,11,16,0.270460252637987,1.364816,1641.117088578074,2622.8862703053883,0.20837322727198473,0.33302881355312397,-12.465558628113927
qwen25-kind-code__qwen25-7b-base__kind-code__all-linear-r16__s11__5ebaf38834,qwen25_7b_base,kind_code,11,2,2.9134410511363638,1.837752,7792.766393473619,3996.745332084746,0.9894503531077654,0.5074681929930552,48.198216011471025
qwen25-kind-code__qwen25-7b-base__kind-code__all-linear-r16__s11__5ebaf38834,qwen25_7b_base,kind_code,11,4,1.5527058390827921,1.958844,7642.349606263757,4365.941458245277,0.9703518795101509,0.5543451579822141,41.600672152793685
qwen25-kind-code__qwen25-7b-base__kind-code__all-linear-r16__s11__5ebaf38834,qwen25_7b_base,kind_code,11,8,0.789259080762987,1.991408,6974.58731033509,4465.225495607709,0.885565860510272,0.566951287932227,31.861457257804496
qwen25-kind-code__qwen25-7b-base__kind-code__all-linear-r16__s11__5ebaf38834,qwen25_7b_base,kind_code,11,2,3.3946089311079546,2.141265,7819.916788420393,4852.19957977903,0.9928976485238835,0.6160855266471892,37.68121218766942
qwen25-kind-code__qwen25-7b-base__kind-code__all-linear-r16__s11__5ebaf38834,qwen25_7b_base,kind_code,11,1,7.351863712459416,2.318719,7690.549155457687,5306.649963498074,0.9764717936153023,0.6737872553962188,30.26845382190837
qwen25-kind-code__qwen25-7b-base__kind-code__all-linear-r16__s11__5ebaf38834,qwen25_7b_base,kind_code,11,4,1.991311605874594,2.512175,7802.6831652489345,5808.125976861722,0.9907094891885021,0.7374598452628016,25.32496439257005
qwen25-kind-code__qwen25-7b-base__kind-code__all-linear-r16__s11__5ebaf38834,qwen25_7b_base,kind_code,11,8,1.037978135146104,2.61896,7480.208351995898,6084.933706200884,0.9497647461112814,0.7726062222627553,17.715852384852603
qwen25-kind-code__qwen25-7b-base__kind-code__all-linear-r16__s11__5ebaf38834,qwen25_7b_base,kind_code,11,16,0.5213196989777801,2.630721,5595.478123445908,6115.420532110496,0.7104598707959553,0.7764771455187974,-6.6017274722842085
qwen25-kind-code__qwen25-7b-base__kind-code__all-linear-r16__s11__5ebaf38834,qwen25_7b_base,kind_code,11,4,2.8487564681412336,3.5939,7870.630571507325,7244.92656771712,0.9993367958111447,0.9198909332982308,7.9445862512913905
qwen25-kind-code__qwen25-7b-base__kind-code__all-linear-r16__s11__5ebaf38834,qwen25_7b_base,kind_code,11,8,1.5151731813108766,3.822988,7732.53165221079,7336.607163900134,0.9818023263349143,0.931531651585691,5.027067474922323
qwen25-kind-code__qwen25-7b-base__kind-code__all-linear-r16__s11__5ebaf38834,qwen25_7b_base,kind_code,11,16,0.7720422125481939,3.895935,7288.3401675710775,7365.800419111068,0.9254031736935225,0.9352383297046469,-0.9835156011124314
qwen25-kind-code__qwen25-7b-base__kind-code__all-linear-r16__s11__5ebaf38834,qwen25_7b_base,kind_code,11,4,3.336648519937094,4.209409,7894.894307570314,7475.728362428282,1.002417571110061,0.9491959202238135,5.322165088624733
qwen25-kind-code__qwen25-7b-base__kind-code__all-linear-r16__s11__5ebaf38834,qwen25_7b_base,kind_code,11,2,7.237039937601461,4.565009,7839.280608655419,7572.388680451595,0.9953562797469506,0.9614689155852265,3.3887364161724136
qwen25-kind-code__qwen25-7b-base__kind-code__all-linear-r16__s11__5ebaf38834,qwen25_7b_base,kind_code,11,8,1.9580847009435876,4.940514,7876.165733203423,7644.996021013645,1.0000395972834561,0.9706878957432231,2.935170154023307
qwen25-kind-code__qwen25-7b-base__kind-code__all-linear-r16__s11__5ebaf38834,qwen25_7b_base,kind_code,11,16,1.0205088033304586,5.149765,7583.470276266758,7685.456623721862,0.9628759497934498,0.9758251930283215,-1.2949243234871701
qwen25-kind-code__qwen25-7b-base__kind-code__all-linear-r16__s11__5ebaf38834,qwen25_7b_base,kind_code,11,8,2.817184250076096,7.108139,7913.741096706013,7848.136896088582,1.0048105547083994,0.9964807657491623,0.8329788959237033
qwen25-kind-code__qwen25-7b-base__kind-code__all-linear-r16__s11__5ebaf38834,qwen25_7b_base,kind_code,11,16,1.494241293374594,7.540348,7798.79393522178,7884.038238172007,0.9902156722524641,1.0010391720721386,-1.0823499819674578
qwen25-kind-code__qwen25-7b-base__kind-code__all-linear-r16__s11__5ebaf38834,qwen25_7b_base,kind_code,11,8,3.3118686428317776,8.356295,7919.6949350311625,7905.564062728851,1.005566515702957,1.0037723137619168,0.17942019410401192
qwen25-kind-code__qwen25-7b-base__kind-code__all-linear-r16__s11__5ebaf38834,qwen25_7b_base,kind_code,11,4,7.185760101714692,9.065325,7906.448353063955,7921.959481858652,1.0038845924239657,1.005854046028512,-0.19694536045461267
qwen25-kind-code__qwen25-7b-base__kind-code__all-linear-r16__s11__5ebaf38834,qwen25_7b_base,kind_code,11,16,1.940955620307427,9.79459,7908.201662530904,7938.8228096892,1.0041072107578903,1.0079951888312118,-0.38879780733212826
qwen25-kind-code__qwen25-7b-base__kind-code__all-linear-r16__s22__4340ebd7bd,qwen25_7b_base,kind_code,22,1,2.1938603388798703,0.691926,7588.593767649028,1046.9268103337522,0.9621985948705366,0.13274547784200472,82.94531170285319
qwen25-kind-code__qwen25-7b-base__kind-code__all-linear-r16__s22__4340ebd7bd,qwen25_7b_base,kind_code,22,2,1.1409436510754871,0.719689,7254.404283297816,1098.348173224007,0.9198249137764088,0.13926546884880484,78.0559444927604
qwen25-kind-code__qwen25-7b-base__kind-code__all-linear-r16__s22__4340ebd7bd,qwen25_7b_base,kind_code,22,2,1.1415666852678572,0.720082,7254.404283297816,1099.0760699072139,0.9198249137764088,0.13935776278194148,78.04671509944671
qwen25-kind-code__qwen25-7b-base__kind-code__all-linear-r16__s22__4340ebd7bd,qwen25_7b_base,kind_code,22,4,0.572225199117289,0.721901,4881.63066648363,1102.4451387793592,0.6189681924985486,0.1397849451340421,47.91832473645065
qwen25-kind-code__qwen25-7b-base__kind-code__all-linear-r16__s22__4340ebd7bd,qwen25_7b_base,kind_code,22,8,0.2873891855215097,0.725122,1757.6319604959863,1108.4109281345986,0.22285960409404298,0.1405413796343808,8.23182244596622
qwen25-kind-code__qwen25-7b-base__kind-code__all-linear-r16__s22__4340ebd7bd,qwen25_7b_base,kind_code,22,1,3.0437709263392856,0.959981,7669.487068631119,1612.1975965383622,0.9724554913289065,0.2044191993325599,76.80362919963464
qwen25-kind-code__qwen25-7b-base__kind-code__all-linear-r16__s22__4340ebd7bd,qwen25_7b_base,kind_code,22,2,1.6196542715097402,1.021652,7545.09027653966,1745.0228976676867,0.956682553387878,0.2212608332403776,73.54217201475005
qwen25-kind-code__qwen25-7b-base__kind-code__all-linear-r16__s22__4340ebd7bd,qwen25_7b_base,kind_code,22,4,0.823154201755276,1.038465,6908.83787967496,1781.2342739691467,0.876008691933322,0.2258522682891386,65.01564236441833
qwen25-kind-code__qwen25-7b-base__kind-code__all-linear-r16__s22__4340ebd7bd,qwen25_7b_base,kind_code,22,1,3.5132216416396105,1.108042,7712.388154905435,1963.8694010314284,0.977895150664414,0.24900955777042436,72.88855928939897
qwen25-kind-code__qwen25-7b-base__kind-code__all-linear-r16__s22__4340ebd7bd,qwen25_7b_base,kind_code,22,2,2.058601676643669,1.298533,7748.296730231043,2478.9696818489474,0.9824481919497966,0.3143218912007567,66.81263007490399
qwen25-kind-code__qwen25-7b-base__kind-code__all-linear-r16__s22__4340ebd7bd,qwen25_7b_base,kind_code,22,4,1.0724511084618507,1.35297,7419.972046636845,2626.1709353825177,0.9408181404687932,0.3329863293891594,60.783181107963394
qwen25-kind-code__qwen25-7b-base__kind-code__all-linear-r16__s22__4340ebd7bd,qwen25_7b_base,kind_code,22,8,0.5382785549411526,1.35815,5297.291676149252,2640.1779984701952,0.6716720862222781,0.33476236021040096,33.69097260118772
qwen25-kind-code__qwen25-7b-base__kind-code__all-linear-r16__s22__4340ebd7bd,qwen25_7b_base,kind_code,22,16,0.270460252637987,1.364816,1545.0703384422814,2658.203303980322,0.195907773448503,0.33704788558769744,-14.114011213919445
qwen25-kind-code__qwen25-7b-base__kind-code__all-linear-r16__s22__4340ebd7bd,qwen25_7b_base,kind_code,22,2,2.910500266335227,1.835897,7807.232858444389,3921.0422204395586,0.9899210204461308,0.4971700199606053,49.27510004855255
qwen25-kind-code__qwen25-7b-base__kind-code__all-linear-r16__s22__4340ebd7bd,qwen25_7b_base,kind_code,22,4,1.5525377942370129,1.958632,7680.293736772146,4298.307938769905,0.9738257268717362,0.5450055683092084,42.88201585625278
qwen25-kind-code__qwen25-7b-base__kind-code__all-linear-r16__s22__4340ebd7bd,qwen25_7b_base,kind_code,22,8,0.789259080762987,1.991408,7043.938394790268,4399.055575417931,0.8931388124524108,0.5577799027099402,33.53589097424706
qwen25-kind-code__qwen25-7b-base__kind-code__all-linear-r16__s22__4340ebd7bd,qwen25_7b_base,kind_code,22,2,3.3872054459212664,2.136595,7835.185854802941,4752.822099097968,0.9934653311105496,0.6026358618532929,39.08294692572567
qwen25-kind-code__qwen25-7b-base__kind-code__all-linear-r16__s22__4340ebd7bd,qwen25_7b_base,kind_code,22,1,7.342180524553571,2.315665,7723.86669597376,5183.878914509459,0.9793505765872235,0.6572918725448231,32.20587040424004
qwen25-kind-code__qwen25-7b-base__kind-code__all-linear-r16__s22__4340ebd7bd,qwen25_7b_base,kind_code,22,4,1.991692084770698,2.512655,7860.286215691507,5713.087878752512,0.9966479407899188,0.724393121785275,27.225481900464384
qwen25-kind-code__qwen25-7b-base__kind-code__all-linear-r16__s22__4340ebd7bd,qwen25_7b_base,kind_code,22,8,1.037978135146104,2.61896,7539.239315226558,5998.67374069402,0.9559406785522385,0.7606040883343701,19.533659021786843
qwen25-kind-code__qwen25-7b-base__kind-code__all-linear-r16__s22__4340ebd7bd,qwen25_7b_base,kind_code,22,16,0.5213196989777801,2.630721,5426.457504669437,6030.269388333304,0.6880497159271706,0.7646102703350653,-7.656055440789478
qwen25-kind-code__qwen25-7b-base__kind-code__all-linear-r16__s22__4340ebd7bd,qwen25_7b_base,kind_code,22,4,2.847979657061688,3.59292,7922.3229999412,7255.41516136278,1.0045139181320994,0.9199530884400521,8.456082969204743
qwen25-kind-code__qwen25-7b-base__kind-code__all-linear-r16__s22__4340ebd7bd,qwen25_7b_base,kind_code,22,8,1.5151616876775569,3.822959,7788.692237123323,7385.40537276302,0.9875701554071813,0.9364352460816231,5.113490932555812
qwen25-kind-code__qwen25-7b-base__kind-code__all-linear-r16__s22__4340ebd7bd,qwen25_7b_base,kind_code,22,16,0.7720422125481939,3.895935,7337.153231851291,7426.642578919992,0.9303170977650419,0.9416639331131754,-1.1346835348133557
qwen25-kind-code__qwen25-7b-base__kind-code__all-linear-r16__s22__4340ebd7bd,qwen25_7b_base,kind_code,22,4,3.3375363040280033,4.210529,7928.4906636082305,7533.107122856759,1.005295949361568,0.9551631449192155,5.013280444235248
qwen25-kind-code__qwen25-7b-base__kind-code__all-linear-r16__s22__4340ebd7bd,qwen25_7b_base,kind_code,22,2,7.221919072138799,4.555471,7851.542152336595,7634.40692322484,0.9955392339950679,0.9680074911260662,2.7531742869001756
qwen25-kind-code__qwen25-7b-base__kind-code__all-linear-r16__s22__4340ebd7bd,qwen25_7b_base,kind_code,22,8,1.9582380814985796,4.940901,7925.072468436367,7707.549225135094,1.0048625380218568,0.9772815967480681,2.7580941273788633
qwen25-kind-code__qwen25-7b-base__kind-code__all-linear-r16__s22__4340ebd7bd,qwen25_7b_base,kind_code,22,16,1.0205088033304586,5.149765,7627.594573408918,7747.184940430176,0.9671437166743897,0.982307222144726,-1.5163505470336254
qwen25-kind-code__qwen25-7b-base__kind-code__all-linear-r16__s22__4340ebd7bd,qwen25_7b_base,kind_code,22,8,2.8161942122818586,7.105641,7949.40840204226,7892.38754111198,1.0079482218570197,1.0007182403946675,0.7229981462352162
qwen25-kind-code__qwen25-7b-base__kind-code__all-linear-r16__s22__4340ebd7bd,qwen25_7b_base,kind_code,22,16,1.4942735944475447,7.540511,7855.876096306238,7924.670359767111,0.9960887580472864,1.0048115525022219,-0.8722794454935359
qwen25-kind-code__qwen25-7b-base__kind-code__all-linear-r16__s22__4340ebd7bd,qwen25_7b_base,kind_code,22,8,3.310835008497362,8.353687,7940.630714789237,7945.54014222468,1.0068352517073884,1.0074577444016397,-0.06224926942512439
qwen25-kind-code__qwen25-7b-base__kind-code__all-linear-r16__s22__4340ebd7bd,qwen25_7b_base,kind_code,22,4,7.187153605671672,9.067083,7940.013559088198,7961.858066680684,1.0067569992186485,1.0095267817573756,-0.2769782538727207
qwen25-kind-code__qwen25-7b-base__kind-code__all-linear-r16__s22__4340ebd7bd,qwen25_7b_base,kind_code,22,16,1.9410697639762582,9.795166,7939.170721217379,7978.511935488052,1.0066501312744895,1.0116384153032272,-0.4988284028737714
qwen25-kind-code__qwen25-7b-base__kind-code__all-linear-r16__s33__c104401224,qwen25_7b_base,kind_code,33,1,2.1932896205357144,0.691746,7518.007023705781,1074.0657395352719,0.9742201153462776,0.1391826910190564,83.50374243272212
qwen25-kind-code__qwen25-7b-base__kind-code__all-linear-r16__s33__c104401224,qwen25_7b_base,kind_code,33,2,1.1409436510754871,0.719689,7247.58276687366,1124.5632718755626,0.9391772176936549,0.1457264082071538,79.34508094865012
qwen25-kind-code__qwen25-7b-base__kind-code__all-linear-r16__s33__c104401224,qwen25_7b_base,kind_code,33,2,1.1415666852678572,0.720082,7247.58276687366,1125.2734866058968,0.9391772176936549,0.14581844130506458,79.33587763885905
qwen25-kind-code__qwen25-7b-base__kind-code__all-linear-r16__s33__c104401224,qwen25_7b_base,kind_code,33,4,0.572225199117289,0.721901,5497.486484629146,1128.560714581669,0.7123911829667383,0.14624441638165445,56.61467665850839
qwen25-kind-code__qwen25-7b-base__kind-code__all-linear-r16__s33__c104401224,qwen25_7b_base,kind_code,33,8,0.2873891855215097,0.725122,1881.8622807766806,1134.3815839109488,0.24386091719030767,0.14699871309506607,9.686220409524159
qwen25-kind-code__qwen25-7b-base__kind-code__all-linear-r16__s33__c104401224,qwen25_7b_base,kind_code,33,1,3.0449789468344157,0.960362,7587.491194355593,1681.0253658607976,0.9832242139766395,0.21783548760528748,76.5388726371352
qwen25-kind-code__qwen25-7b-base__kind-code__all-linear-r16__s33__c104401224,qwen25_7b_base,kind_code,33,2,1.6194291548295454,1.02151,7495.000736988761,1824.0573389969659,0.9712388482061337,0.23637027015171794,73.48685780544157
qwen25-kind-code__qwen25-7b-base__kind-code__all-linear-r16__s33__c104401224,qwen25_7b_base,kind_code,33,4,0.823154201755276,1.038465,7001.588073238323,1863.7169698029406,0.9073000223076548,0.24150955905854612,66.57904632491086
qwen25-kind-code__qwen25-7b-base__kind-code__all-linear-r16__s33__c104401224,qwen25_7b_base,kind_code,33,1,3.5142933238636362,1.10838,7615.253442004352,2033.210130389308,0.9868217817923336,0.2634733116775831,72.33484701147505
qwen25-kind-code__qwen25-7b-base__kind-code__all-linear-r16__s33__c104401224,qwen25_7b_base,kind_code,33,2,2.0579183999594157,1.298102,7635.451635296122,2495.8466503647605,0.9894391624540498,0.32342401436151347,66.60151480925364
qwen25-kind-code__qwen25-7b-base__kind-code__all-linear-r16__s33__c104401224,qwen25_7b_base,kind_code,33,4,1.0724297065239448,1.352943,7367.85759771525,2629.5762620701707,0.9547630184525894,0.34075335142252605,61.40096670300633
qwen25-kind-code__qwen25-7b-base__kind-code__all-linear-r16__s33__c104401224,qwen25_7b_base,kind_code,33,8,0.5382722136262176,1.358134,5622.3674810614175,2642.2344997821524,0.7285738731883865,0.34239366776766417,38.61802054207224
qwen25-kind-code__qwen25-7b-base__kind-code__all-linear-r16__s33__c104401224,qwen25_7b_base,kind_code,33,16,0.270460252637987,1.364816,1613.9837619635073,2658.5285364593747,0.20914790871957056,0.3445051287228197,-13.53572200032491
qwen25-kind-code__qwen25-7b-base__kind-code__all-linear-r16__s33__c104401224,qwen25_7b_base,kind_code,33,2,2.9128306995738638,1.837367,7677.867936186245,4185.813725747906,0.9949356741512908,0.5424182124142355,45.25174617370553
qwen25-kind-code__qwen25-7b-base__kind-code__all-linear-r16__s33__c104401224,qwen25_7b_base,kind_code,33,4,1.5521771319500812,1.958177,7584.931624459976,4600.721558640038,0.9828925323925333,0.5961839984189157,38.67085339736175
qwen25-kind-code__qwen25-7b-base__kind-code__all-linear-r16__s33__c104401224,qwen25_7b_base,kind_code,33,8,0.7892234108664773,1.991318,7095.577694601612,4714.54045185979,0.9194796570801642,0.6109332072094223,30.854644987074185
qwen25-kind-code__qwen25-7b-base__kind-code__all-linear-r16__s33__c104401224,qwen25_7b_base,kind_code,33,2,3.393465909090909,2.140544,7707.303089606867,5153.646520122926,0.9987500252778927,0.667834718889801,33.091530638809175
qwen25-kind-code__qwen25-7b-base__kind-code__all-linear-r16__s33__c104401224,qwen25_7b_base,kind_code,33,1,7.342215401785714,2.315676,7618.203520436538,5664.613583060086,0.9872040673823075,0.7340483296809512,25.315573770135625
qwen25-kind-code__qwen25-7b-base__kind-code__all-linear-r16__s33__c104401224,qwen25_7b_base,kind_code,33,4,1.9911744749391234,2.512002,7722.50434400409,6187.891052737549,1.0007198781611866,0.8018571831789361,19.886269498225055
qwen25-kind-code__qwen25-7b-base__kind-code__all-linear-r16__s33__c104401224,qwen25_7b_base,kind_code,33,8,1.0378869787439124,2.61873,7435.683057869217,6472.358508824549,0.9635521732653287,0.8387198672662853,12.483230599904337
qwen25-kind-code__qwen25-7b-base__kind-code__all-linear-r16__s33__c104401224,qwen25_7b_base,kind_code,33,16,0.5213196989777801,2.630721,5588.4748637535085,6504.3187185721235,0.7241819020929907,0.8428614275399848,-11.867952544699412
qwen25-kind-code__qwen25-7b-base__kind-code__all-linear-r16__s33__c104401224,qwen25_7b_base,kind_code,33,4,2.8485662286931817,3.59366,7759.430316667451,7283.337351315074,1.005504926277521,0.9438104715957645,6.169445468175662
qwen25-kind-code__qwen25-7b-base__kind-code__all-linear-r16__s33__c104401224,qwen25_7b_base,kind_code,33,8,1.5152904956371753,3.823284,7639.372781433674,7346.311063776787,0.9899472837460852,0.9519709132161014,3.797637052998378
qwen25-kind-code__qwen25-7b-base__kind-code__all-linear-r16__s33__c104401224,qwen25_7b_base,kind_code,33,16,0.7720422125481939,3.895935,7314.34087122354,7366.235388690803,0.9478280593216241,0.9545528046741333,-0.672474535250919
qwen25-kind-code__qwen25-7b-base__kind-code__all-linear-r16__s33__c104401224,qwen25_7b_base,kind_code,33,4,3.338020621956169,4.21114,7777.39965547793,7469.296754203167,1.007833481075813,0.9679080004169153,3.992548065889762
qwen25-kind-code__qwen25-7b-base__kind-code__all-linear-r16__s33__c104401224,qwen25_7b_base,kind_code,33,2,7.2333984375,4.562712,7715.069780028469,7516.689762396666,0.9997564710040716,0.9740494181840562,2.5707052820015424
qwen25-kind-code__qwen25-7b-base__kind-code__all-linear-r16__s33__c104401224,qwen25_7b_base,kind_code,33,8,1.9578243106990665,4.939857,7742.4635661126085,7584.044469357872,1.0033062917683395,0.9827775704959593,2.052872127238019
qwen25-kind-code__qwen25-7b-base__kind-code__all-linear-r16__s33__c104401224,qwen25_7b_base,kind_code,33,16,1.0204709536069398,5.149574,7513.032720823787,7621.498040477158,0.9735755208530584,0.9876309874003205,-1.4055466547262068
qwen25-kind-code__qwen25-7b-base__kind-code__all-linear-r16__s33__c104401224,qwen25_7b_base,kind_code,33,8,2.816873921976461,7.107356,7760.68162614679,7758.067407576229,1.0056670770791167,1.0053283138524636,0.03387632266532703
qwen25-kind-code__qwen25-7b-base__kind-code__all-linear-r16__s33__c104401224,qwen25_7b_base,kind_code,33,16,1.4941570727856128,7.539923,7699.504413249902,7788.23472978827,0.9977394346577891,1.0092375429915734,-1.1498108333784247
qwen25-kind-code__qwen25-7b-base__kind-code__all-linear-r16__s33__c104401224,qwen25_7b_base,kind_code,33,8,3.3116062709263394,8.355633,7774.987868468379,7799.922091734735,1.0075209499207838,1.0107520485071544,-0.3231098586370457
qwen25-kind-code__qwen25-7b-base__kind-code__all-linear-r16__s33__c104401224,qwen25_7b_base,kind_code,33,4,7.1867897727272725,9.066624,7781.369700668685,7807.8190453076095,1.0083479389462926,1.0117753743694995,-0.3427435423206733
qwen25-kind-code__qwen25-7b-base__kind-code__all-linear-r16__s33__c104401224,qwen25_7b_base,kind_code,33,16,1.940933623871246,9.794479,7756.649105764358,7815.903306771937,1.005144523367778,1.0128229725044084,-0.7678449136630486
qwen25-panel-math__qwen25-7b-base__panel-math__all-linear-r16__s11__b456af4c70,qwen25_7b_base,panel_math,11,1,2.193387910917208,0.691777,4581.526856952723,2419.831092661064,1.016550383874452,0.5369127592088504,47.963762466560155
qwen25-panel-math__qwen25-7b-base__panel-math__all-linear-r16__s11__b456af4c70,qwen25_7b_base,panel_math,11,2,1.1409468217329546,0.719691,4517.9091748869105,2516.173211670028,1.002434875847458,0.5582891739106909,44.41457019367671
qwen25-panel-math__qwen25-7b-base__panel-math__all-linear-r16__s11__b456af4c70,qwen25_7b_base,panel_math,11,2,1.1415698559253247,0.720084,4517.9091748869105,2517.5296082011782,1.002434875847458,0.5585901315297287,44.38447443177292
qwen25-panel-math__qwen25-7b-base__panel-math__all-linear-r16__s11__b456af4c70,qwen25_7b_base,panel_math,11,4,0.5722267844460227,0.721903,4274.196368561063,2523.807687819911,0.9483598142880802,0.5599831134865477,38.83767008015325
qwen25-panel-math__qwen25-7b-base__panel-math__all-linear-r16__s11__b456af4c70,qwen25_7b_base,panel_math,11,8,0.28738997818587664,0.725124,3552.1285072858336,2534.924617150278,0.7881472073383197,0.562449740689909,22.56974666484106
qwen25-panel-math__qwen25-7b-base__panel-math__all-linear-r16__s11__b456af4c70,qwen25_7b_base,panel_math,11,1,3.049370307426948,0.961747,4597.142975553594,3096.165998526705,1.020015292376353,0.6869781259854406,33.30371663909124
qwen25-panel-math__qwen25-7b-base__panel-math__all-linear-r16__s11__b456af4c70,qwen25_7b_base,panel_math,11,2,1.6195401278409092,1.02158,4580.127022095216,3236.176230440953,1.0162397881481384,0.7180436330625825,29.8196155085556
qwen25-panel-math__qwen25-7b-base__panel-math__all-linear-r16__s11__b456af4c70,qwen25_7b_base,panel_math,11,4,0.8231557870840097,1.038467,4467.370556269621,3275.692096039133,0.9912213538579654,0.7268114237134221,26.44099301445433
qwen25-panel-math__qwen25-7b-base__panel-math__all-linear-r16__s11__b456af4c70,qwen25_7b_base,panel_math,11,1,3.5315385298295454,1.113819,4595.627552317324,3382.4625095052074,1.0196790498701624,0.7505016711318477,26.917737873831463
qwen25-panel-math__qwen25-7b-base__panel-math__all-linear-r16__s11__b456af4c70,qwen25_7b_base,panel_math,11,2,2.058023031655844,1.298168,4612.486396603694,3617.623485150517,1.023419694673975,0.80267925025086,22.074044442311507
qwen25-panel-math__qwen25-7b-base__panel-math__all-linear-r16__s11__b456af4c70,qwen25_7b_base,panel_math,11,4,1.0724526937905845,1.352972,4558.08867417094,3687.53307028125,1.0113499137150368,0.8181908073845484,19.31591063304885
qwen25-panel-math__qwen25-7b-base__panel-math__all-linear-r16__s11__b456af4c70,qwen25_7b_base,panel_math,11,8,0.5382793476055194,1.358152,4320.259563347059,3694.1408297691924,0.9585803280609348,0.8196569387974472,13.892338926348764
qwen25-panel-math__qwen25-7b-base__panel-math__all-linear-r16__s11__b456af4c70,qwen25_7b_base,panel_math,11,16,0.27046064897017047,1.364818,3279.8402264243286,3702.6441743148725,0.7277318119741681,0.8215436631214594,-9.38118511472913
qwen25-panel-math__qwen25-7b-base__panel-math__all-linear-r16__s11__b456af4c70,qwen25_7b_base,panel_math,11,2,2.9154147854099026,1.838997,4619.712405753247,4119.315937717712,1.02502300348438,0.9139949035619718,11.102809992240818
qwen25-panel-math__qwen25-7b-base__panel-math__all-linear-r16__s11__b456af4c70,qwen25_7b_base,panel_math,11,4,1.5522904829545454,1.95832,4606.407864106346,4193.0277971438,1.022070988284926,0.9303501103162389,9.172087796868702
qwen25-panel-math__qwen25-7b-base__panel-math__all-linear-r16__s11__b456af4c70,qwen25_7b_base,panel_math,11,8,0.7892598734273539,1.99141,4511.4868498874075,4213.469165768535,1.0010098886876198,0.9348856465623835,6.6124242125236306
qwen25-panel-math__qwen25-7b-base__panel-math__all-linear-r16__s11__b456af4c70,qwen25_7b_base,panel_math,11,2,3.403158608969156,2.146658,4619.389057624219,4269.571091570907,1.0249512589164769,0.9473335566131452,7.761770230333155
qwen25-panel-math__qwen25-7b-base__panel-math__all-linear-r16__s11__b456af4c70,qwen25_7b_base,panel_math,11,1,7.377710912134741,2.326871,4601.8054252077345,4331.693461203559,1.0210497979317488,0.9611172843242312,5.993251360751761
qwen25-panel-math__qwen25-7b-base__panel-math__all-linear-r16__s11__b456af4c70,qwen25_7b_base,panel_math,11,4,1.9915010526582793,2.512414,4621.866706346575,4383.188710561502,1.0255010002665672,0.9725430637940354,5.295793647253166
qwen25-panel-math__qwen25-7b-base__panel-math__all-linear-r16__s11__b456af4c70,qwen25_7b_base,panel_math,11,8,1.0379789278104707,2.618962,4579.60285066319,4412.759838702096,1.0161234848529535,0.9791043134825106,3.7019171370442963
qwen25-panel-math__qwen25-7b-base__panel-math__all-linear-r16__s11__b456af4c70,qwen25_7b_base,panel_math,11,16,0.5213200953099635,2.630723,4272.0007345388385,4416.023964148482,0.9478726464338195,0.9798285584949572,-3.195591206113767
qwen25-panel-math__qwen25-7b-base__panel-math__all-linear-r16__s11__b456af4c70,qwen25_7b_base,panel_math,11,4,2.849982719916802,3.595447,4628.0917087284415,4565.49715471575,1.026882205432112,1.0129937093266077,1.388849610550435
qwen25-panel-math__qwen25-7b-base__panel-math__all-linear-r16__s11__b456af4c70,qwen25_7b_base,panel_math,11,8,1.515045166015625,3.822665,4614.806871703542,4581.350596237767,1.0239345622993699,1.0165112751006642,0.7423287198705681
qwen25-panel-math__qwen25-7b-base__panel-math__all-linear-r16__s11__b456af4c70,qwen25_7b_base,panel_math,11,16,0.7720426088803775,3.895937,4550.167979197382,4586.462926102483,1.0095924678313128,1.0176456001954923,-0.8053132364179418
qwen25-panel-math__qwen25-7b-base__panel-math__all-linear-r16__s11__b456af4c70,qwen25_7b_base,panel_math,11,4,3.344483214539367,4.219293,4617.980001497679,4603.272663884993,1.0246386171725652,1.0213753492353144,0.32632679372508566
qwen25-panel-math__qwen25-7b-base__panel-math__all-linear-r16__s11__b456af4c70,qwen25_7b_base,panel_math,11,2,7.2521734856939934,4.574555,4620.741535231495,4619.147172221088,1.0252513470036548,1.0248975893196188,0.03537576840359394
qwen25-panel-math__qwen25-7b-base__panel-math__all-linear-r16__s11__b456af4c70,qwen25_7b_base,panel_math,11,8,1.9578199510450487,4.939846,4617.945803274251,4628.631897032593,1.0246310292617578,1.0270020625550964,-0.23710332933387224
qwen25-panel-math__qwen25-7b-base__panel-math__all-linear-r16__s11__b456af4c70,qwen25_7b_base,panel_math,11,16,1.020509199662642,5.149767,4597.294104157905,4634.082463614183,1.0200488248308217,1.0282114357016143,-0.8162610870792673
qwen25-panel-math__qwen25-7b-base__panel-math__all-linear-r16__s11__b456af4c70,qwen25_7b_base,panel_math,11,8,2.8173618068942776,7.108587,4599.943473687537,4642.127120577063,1.02063666763879,1.0299963863041286,-0.9359718665338778
qwen25-panel-math__qwen25-7b-base__panel-math__all-linear-r16__s11__b456af4c70,qwen25_7b_base,panel_math,11,16,1.4941655939275569,7.539966,4615.281112078976,4643.898197603107,1.024039786878587,1.0303893533404267,-0.6349566461839523
qwen25-panel-math__qwen25-7b-base__panel-math__all-linear-r16__s11__b456af4c70,qwen25_7b_base,panel_math,11,8,3.3148018973214284,8.363696,4582.716238951385,4631.357036193825,1.0168142842650998,1.0276067171488499,-1.0792432883750191
qwen25-panel-math__qwen25-7b-base__panel-math__all-linear-r16__s11__b456af4c70,qwen25_7b_base,panel_math,11,4,7.1989357688210225,9.081947,4620.799911625143,4619.565534791752,1.0252642995732293,1.024990415716819,0.027388385641030764
qwen25-panel-math__qwen25-7b-base__panel-math__all-linear-r16__s11__b456af4c70,qwen25_7b_base,panel_math,11,16,1.9405471999923904,9.792529,4585.807604957878,4607.899935092916,1.0175001973675903,1.022402049387812,-0.4901852020221889
qwen25-panel-math__qwen25-7b-base__panel-math__all-linear-r16__s22__df87eb47ab,qwen25_7b_base,panel_math,22,1,2.1950525060876624,0.692302,4032.15830773774,2071.572458675555,1.0181614262401095,0.5230933430955014,49.50680831446083
qwen25-panel-math__qwen25-7b-base__panel-math__all-linear-r16__s22__df87eb47ab,qwen25_7b_base,panel_math,22,2,1.1409468217329546,0.719691,3968.754005928089,2140.1452036549545,1.0021511881905794,0.5404086661807689,46.174252200981044
qwen25-panel-math__qwen25-7b-base__panel-math__all-linear-r16__s22__df87eb47ab,qwen25_7b_base,panel_math,22,2,1.1415698559253247,0.720084,3968.754005928089,2141.1291420527386,1.0021511881905794,0.5406571207418157,46.14940674487636
qwen25-panel-math__qwen25-7b-base__panel-math__all-linear-r16__s22__df87eb47ab,qwen25_7b_base,panel_math,22,4,0.5722267844460227,0.721903,3698.0157777136574,2145.6832996750513,0.9337870021794443,0.5418070923615207,39.19799098179236
qwen25-panel-math__qwen25-7b-base__panel-math__all-linear-r16__s22__df87eb47ab,qwen25_7b_base,panel_math,22,8,0.28738997818587664,0.725124,2988.4734314856432,2153.747588680807,0.7546202651426264,0.5438434082422628,21.077685690036354
qwen25-panel-math__qwen25-7b-base__panel-math__all-linear-r16__s22__df87eb47ab,qwen25_7b_base,panel_math,22,1,3.0529341264204546,0.962871,4049.7799120156014,2632.937249264465,1.0226110624832492,0.6648437239598036,35.776733852344556
qwen25-panel-math__qwen25-7b-base__panel-math__all-linear-r16__s22__df87eb47ab,qwen25_7b_base,panel_math,22,2,1.6202392578125,1.022021,4032.084233450276,2751.308658295302,1.018142721720987,0.6947337216847459,32.34090000362412
qwen25-panel-math__qwen25-7b-base__panel-math__all-linear-r16__s22__df87eb47ab,qwen25_7b_base,panel_math,22,4,0.8231557870840097,1.038467,3889.8625375502415,2784.220512782557,0.9822302813631805,0.703044303300712,27.91859780624684
qwen25-panel-math__qwen25-7b-base__panel-math__all-linear-r16__s22__df87eb47ab,qwen25_7b_base,panel_math,22,1,3.5419953581574677,1.117117,4053.16600119748,2894.2504336817237,1.0234660848131467,0.7308279895158091,29.263809529733766
qwen25-panel-math__qwen25-7b-base__panel-math__all-linear-r16__s22__df87eb47ab,qwen25_7b_base,panel_math,22,2,2.0597510399756493,1.299258,4065.3135413253895,3133.0750882067105,1.0265334635810406,0.7911336700754816,23.53997935055589
qwen25-panel-math__qwen25-7b-base__panel-math__all-linear-r16__s22__df87eb47ab,qwen25_7b_base,panel_math,22,4,1.0724526937905845,1.352972,4006.737170355218,3203.5052905947236,1.0117423277031388,0.8089180202524447,20.282430745069394
qwen25-panel-math__qwen25-7b-base__panel-math__all-linear-r16__s22__df87eb47ab,qwen25_7b_base,panel_math,22,8,0.5382793476055194,1.358152,3705.781899872347,3210.2973457082862,0.935748027865929,0.8106330839959133,12.511494387001571
qwen25-panel-math__qwen25-7b-base__panel-math__all-linear-r16__s22__df87eb47ab,qwen25_7b_base,panel_math,22,16,0.27046064897017047,1.364818,2736.873181408695,3219.0378552424577,0.6910886153636179,0.8128401525121219,-12.175153714850413
qwen25-panel-math__qwen25-7b-base__panel-math__all-linear-r16__s22__df87eb47ab,qwen25_7b_base,panel_math,22,2,2.918002041903409,1.840629,4074.5348261008985,3550.2487951666903,1.028861932788408,0.8964743199336849,13.238761285472316
qwen25-panel-math__qwen25-7b-base__panel-math__all-linear-r16__s22__df87eb47ab,qwen25_7b_base,panel_math,22,4,1.5527676669034092,1.958922,4061.942767907998,3611.057147471802,1.0256823086391333,0.9118290540450597,11.385325459407364
qwen25-panel-math__qwen25-7b-base__panel-math__all-linear-r16__s22__df87eb47ab,qwen25_7b_base,panel_math,22,8,0.7892543247767857,1.991396,3934.9342322266693,3627.750362055558,0.993611347638963,0.9160442623459125,7.756708529305047
qwen25-panel-math__qwen25-7b-base__panel-math__all-linear-r16__s22__df87eb47ab,qwen25_7b_base,panel_math,22,2,3.412033279220779,2.152256,4078.3382411869607,3682.040540432406,1.0298223341995274,0.9297530905288056,10.006924367072187
qwen25-panel-math__qwen25-7b-base__panel-math__all-linear-r16__s22__df87eb47ab,qwen25_7b_base,panel_math,22,1,7.392831777597403,2.33164,4053.8775949207356,3740.3299359571342,1.0236457695439727,0.9444717621564155,7.917400738755719
qwen25-panel-math__qwen25-7b-base__panel-math__all-linear-r16__s22__df87eb47ab,qwen25_7b_base,panel_math,22,4,1.9934018618100648,2.514812,4074.948659650132,3791.3681069150093,1.028966430014101,0.9573594250330033,7.160700498109776
qwen25-panel-math__qwen25-7b-base__panel-math__all-linear-r16__s22__df87eb47ab,qwen25_7b_base,panel_math,22,8,1.0379559405438312,2.618904,4027.74731039178,3820.3718044853103,1.017047604061976,0.9646831568487273,5.2364447213248795
qwen25-panel-math__qwen25-7b-base__panel-math__all-linear-r16__s22__df87eb47ab,qwen25_7b_base,panel_math,22,16,0.5213159338220373,2.630702,3701.9209554985537,3823.6591428392126,0.9347730997182143,0.96551324357933,-3.074014386111569
qwen25-panel-math__qwen25-7b-base__panel-math__all-linear-r16__s22__df87eb47ab,qwen25_7b_base,panel_math,22,4,2.852634974888393,3.598793,4077.0651188739157,3997.6105875181834,1.0295008577268552,1.0094377717088412,2.006308601801398
qwen25-panel-math__qwen25-7b-base__panel-math__all-linear-r16__s22__df87eb47ab,qwen25_7b_base,panel_math,22,8,1.5156622552252434,3.824222,4070.999957721331,4015.1298592411426,1.0279693421815352,1.0138615679298144,1.4107774251720682
qwen25-panel-math__qwen25-7b-base__panel-math__all-linear-r16__s22__df87eb47ab,qwen25_7b_base,panel_math,22,16,0.7720370602298092,3.895909,3988.9778467238575,4020.70103256846,1.007257915907385,1.0152683464706984,-0.8010430563313437
qwen25-panel-math__qwen25-7b-base__panel-math__all-linear-r16__s22__df87eb47ab,qwen25_7b_base,panel_math,22,4,3.3510702554281657,4.227603,4072.5258324830284,4047.9435143108017,1.028354641245972,1.0221473531832759,0.6207288062696372
qwen25-panel-math__qwen25-7b-base__panel-math__all-linear-r16__s22__df87eb47ab,qwen25_7b_base,panel_math,22,2,7.267508370535714,4.584228,4076.333114421639,4068.3470371214107,1.0293160190771142,1.0272994524560912,0.20165666210229294
qwen25-panel-math__qwen25-7b-base__panel-math__all-linear-r16__s22__df87eb47ab,qwen25_7b_base,panel_math,22,8,1.9594445166649757,4.943945,4066.5879379438866,4085.270122735789,1.0268552618289404,1.0315727055554185,-0.47174437264782365
qwen25-panel-math__qwen25-7b-base__panel-math__all-linear-r16__s22__df87eb47ab,qwen25_7b_base,panel_math,22,16,1.0205034528459822,5.149738,4046.0303705701626,4094.9465146352463,1.0216642647202476,1.034016093990417,-1.2351829270169539
qwen25-panel-math__qwen25-7b-base__panel-math__all-linear-r16__s22__df87eb47ab,qwen25_7b_base,panel_math,22,8,2.8200251591670047,7.115307,4047.577431756383,4109.184686050759,1.0220549135746886,1.0376113786516494,-1.5556465076960826
qwen25-panel-math__qwen25-7b-base__panel-math__all-linear-r16__s22__df87eb47ab,qwen25_7b_base,panel_math,22,16,1.4943257121296671,7.540774,4078.0614931222954,4112.266680159154,1.029752452468027,1.0383896138491726,-0.863716138114558
qwen25-panel-math__qwen25-7b-base__panel-math__all-linear-r16__s22__df87eb47ab,qwen25_7b_base,panel_math,22,8,3.322114226105925,8.382146,4038.949909741468,4099.317533541153,1.0198763755686866,1.0351198212014299,-1.5243445632743136
qwen25-panel-math__qwen25-7b-base__panel-math__all-linear-r16__s22__df87eb47ab,qwen25_7b_base,panel_math,22,4,7.210267698609984,9.096243,4066.0394004505906,4087.0627979715496,1.0267167504725165,1.0320253744824606,-0.5308624009944153
qwen25-panel-math__qwen25-7b-base__panel-math__all-linear-r16__s22__df87eb47ab,qwen25_7b_base,panel_math,22,16,1.9413392698609984,9.796526,4041.4533371905873,4075.04512671836,1.0205085167366543,1.0289907889405807,-0.8482272203926338
qwen25-panel-math__qwen25-7b-base__panel-math__all-linear-r16__s33__8c6fb050a1,qwen25_7b_base,panel_math,33,1,2.19558200588474,0.692469,4006.2142196130535,2099.919921058576,1.0117932868398045,0.5303472961147483,48.14459907250561
qwen25-panel-math__qwen25-7b-base__panel-math__all-linear-r16__s33__8c6fb050a1,qwen25_7b_base,panel_math,33,2,1.1409468217329546,0.719691,3932.715635731214,2189.0978267002656,0.9932307812703793,0.5528697078771951,44.03610733931842
qwen25-panel-math__qwen25-7b-base__panel-math__all-linear-r16__s33__8c6fb050a1,qwen25_7b_base,panel_math,33,2,1.1415698559253247,0.720084,3932.715635731214,2190.385274974353,0.9932307812703793,0.5531948606147841,44.00359206555952
qwen25-panel-math__qwen25-7b-base__panel-math__all-linear-r16__s33__8c6fb050a1,qwen25_7b_base,panel_math,33,4,0.5722267844460227,0.721903,3655.6134563473115,2196.344227672987,0.9232469737403887,0.5546998296470333,36.85471440933553
qwen25-panel-math__qwen25-7b-base__panel-math__all-linear-r16__s33__8c6fb050a1,qwen25_7b_base,panel_math,33,8,0.28738997818587664,0.725124,3021.8500240937046,2206.8960620008056,0.7631862403279134,0.5573647583182125,20.58214820097008
qwen25-panel-math__qwen25-7b-base__panel-math__all-linear-r16__s33__8c6fb050a1,qwen25_7b_base,panel_math,33,1,3.053257533482143,0.962973,4030.1477347494438,2670.338478577778,1.0178378387828648,0.674409903740987,34.34279350418779
qwen25-panel-math__qwen25-7b-base__panel-math__all-linear-r16__s33__8c6fb050a1,qwen25_7b_base,panel_math,33,2,1.6205135196834415,1.022194,4001.107286865519,2783.4209154358427,1.0105035005260818,0.7029695473846879,30.753395314139404
qwen25-panel-math__qwen25-7b-base__panel-math__all-linear-r16__s33__8c6fb050a1,qwen25_7b_base,panel_math,33,4,0.8231557870840097,1.038467,3866.699135674069,2814.4941917228234,0.9765579205802363,0.7108172885747039,26.574063200553226
qwen25-panel-math__qwen25-7b-base__panel-math__all-linear-r16__s33__8c6fb050a1,qwen25_7b_base,panel_math,33,1,3.542512175324675,1.11728,4032.337598458136,2926.8113815290903,1.0183909019188055,0.7391836645129505,27.9207237405855
qwen25-panel-math__qwen25-7b-base__panel-math__all-linear-r16__s33__8c6fb050a1,qwen25_7b_base,panel_math,33,2,2.060615044135552,1.299803,4037.508497126839,3174.0947344714427,1.019696843207294,0.801636549640615,21.806029356667896
qwen25-panel-math__qwen25-7b-base__panel-math__all-linear-r16__s33__8c6fb050a1,qwen25_7b_base,panel_math,33,4,1.0724526937905845,1.352972,3977.7559597026066,3246.1284430593573,1.004605983626819,0.8198290922207435,18.477689140607556
qwen25-panel-math__qwen25-7b-base__panel-math__all-linear-r16__s33__8c6fb050a1,qwen25_7b_base,panel_math,33,8,0.5382793476055194,1.358152,3739.0064264094144,3253.1463409036915,0.9443083655315191,0.821601504163136,12.270686136838306
qwen25-panel-math__qwen25-7b-base__panel-math__all-linear-r16__s33__8c6fb050a1,qwen25_7b_base,panel_math,33,16,0.27046064897017047,1.364818,2888.6243976677797,3262.1774812570375,0.7295393140619989,0.8238823725044466,-9.43430584424477
qwen25-panel-math__qwen25-7b-base__panel-math__all-linear-r16__s33__8c6fb050a1,qwen25_7b_base,panel_math,33,2,2.919005554991883,1.841262,4050.815663078507,3560.278813360832,1.023057647307795,0.8991696412540828,12.388800605371214
qwen25-panel-math__qwen25-7b-base__panel-math__all-linear-r16__s33__8c6fb050a1,qwen25_7b_base,panel_math,33,4,1.5529769302962662,1.959186,4035.4616233197175,3616.19310162238,1.0191798930235234,0.9132911281242793,10.588876489924408
qwen25-panel-math__qwen25-7b-base__panel-math__all-linear-r16__s33__8c6fb050a1,qwen25_7b_base,panel_math,33,8,0.7892598734273539,1.99141,3923.1318066638014,3631.4722816445983,0.9908103280991146,0.9171499761357544,7.366035196336013
qwen25-panel-math__qwen25-7b-base__panel-math__all-linear-r16__s33__8c6fb050a1,qwen25_7b_base,panel_math,33,2,3.415289544439935,2.15431,4048.439548232067,3698.9775561831875,1.0224575453365579,0.9341988356974928,8.825870963906487
qwen25-panel-math__qwen25-7b-base__panel-math__all-linear-r16__s33__8c6fb050a1,qwen25_7b_base,panel_math,33,1,7.39674119825487,2.332873,4035.638790984156,3768.9123415626186,1.0192246377734786,0.95186128270721,6.736335506626857
qwen25-panel-math__qwen25-7b-base__panel-math__all-linear-r16__s33__8c6fb050a1,qwen25_7b_base,panel_math,33,4,1.9931878424310066,2.514542,4050.8433829734495,3808.2786359137267,1.0230646481325332,0.9618034750535939,6.126117307893923
qwen25-panel-math__qwen25-7b-base__panel-math__all-linear-r16__s33__8c6fb050a1,qwen25_7b_base,panel_math,33,8,1.0379789278104707,2.618962,4003.613139264642,3830.9056578940463,1.0111363684897647,0.9675180643605719,4.361830412919292
qwen25-panel-math__qwen25-7b-base__panel-math__all-linear-r16__s33__8c6fb050a1,qwen25_7b_base,panel_math,33,16,0.5213200953099635,2.630723,3707.3659457556514,3833.453615573453,0.9363173734969109,0.9681615662638288,-3.1844192766917896
qwen25-panel-math__qwen25-7b-base__panel-math__all-linear-r16__s33__8c6fb050a1,qwen25_7b_base,panel_math,33,4,2.8530844155844157,3.59936,4054.513284686851,3977.885460638025,1.0239915036907814,1.0046386898601638,1.9352813830617448
qwen25-panel-math__qwen25-7b-base__panel-math__all-linear-r16__s33__8c6fb050a1,qwen25_7b_base,panel_math,33,8,1.5157605456067371,3.82447,4052.3736184197533,3993.4751491595234,1.0234511182180004,1.0085759586444325,1.487515957356794
qwen25-panel-math__qwen25-7b-base__panel-math__all-linear-r16__s33__8c6fb050a1,qwen25_7b_base,panel_math,33,16,0.7720426088803775,3.895937,3967.776531621763,3998.4251460616842,1.002085619566089,1.0098261098747299,-0.774049030864084
qwen25-panel-math__qwen25-7b-base__panel-math__all-linear-r16__s33__8c6fb050a1,qwen25_7b_base,panel_math,33,4,3.3526849127435066,4.22964,4046.0382578557674,4023.8621539944925,1.021851085135154,1.016250377887585,0.5600707247568848
qwen25-panel-math__qwen25-7b-base__panel-math__all-linear-r16__s33__8c6fb050a1,qwen25_7b_base,panel_math,33,2,7.272373744419643,4.587297,4045.3879476778948,4036.859867426502,1.0216868454224812,1.019533027909242,0.21538175132391005
qwen25-panel-math__qwen25-7b-base__panel-math__all-linear-r16__s33__8c6fb050a1,qwen25_7b_base,panel_math,33,8,1.959332750989245,4.943663,4046.484202774818,4050.4840773243654,1.0219637111832538,1.0229739033486203,-0.1010192165366582
qwen25-panel-math__qwen25-7b-base__panel-math__all-linear-r16__s33__8c6fb050a1,qwen25_7b_base,panel_math,33,16,1.020509199662642,5.149767,4018.171006591867,4058.3520352809605,1.01481304467954,1.0249610030405558,-1.0147958361015763
qwen25-panel-math__qwen25-7b-base__panel-math__all-linear-r16__s33__8c6fb050a1,qwen25_7b_base,panel_math,33,8,2.8203212193080356,7.116054,4033.0036312415796,4072.7364634483424,1.018559112469256,1.0285938761364415,-1.0034763667185511
qwen25-panel-math__qwen25-7b-base__panel-math__all-linear-r16__s33__8c6fb050a1,qwen25_7b_base,panel_math,33,16,1.494345132406656,7.540872,4045.383040298064,4075.8442315438497,1.0216856060344464,1.029378761497962,-0.7693155463515464
qwen25-panel-math__qwen25-7b-base__panel-math__all-linear-r16__s33__8c6fb050a1,qwen25_7b_base,panel_math,33,8,3.322648085557021,8.383493,4018.559558562438,4065.5123751440724,1.0149111757963154,1.0267693895640524,-1.1858213767736818
qwen25-panel-math__qwen25-7b-base__panel-math__all-linear-r16__s33__8c6fb050a1,qwen25_7b_base,panel_math,33,4,7.211818942775974,9.0982,4045.957634984905,4055.66226290414,1.0218307233484316,1.0242816849899457,-0.24509616415141455
qwen25-panel-math__qwen25-7b-base__panel-math__all-linear-r16__s33__8c6fb050a1,qwen25_7b_base,panel_math,33,16,1.9413989178546063,9.796827,4022.871663648377,4046.033765682415,1.0160002236452153,1.021849950609991,-0.5849726964775696
